gene_name,Accession,Control_1,Control_2,Control_3,Sample_1,Sample_2,Sample_3
ALDH7A1,NP_001173.2,139580.3535,1297148.25,435575.1563,18306758.31,27240861.5,31971928.25
HM13,NP_848696.1,110461.5078,,,22090224.69,5542986.5,6764837.25
BSG,P35613,143976.0117,629265,355256.6563,22894541.53,7480913.938,3862341.25
POR,NP_000932.3,536869.6797,1758955,1344942.031,55623198.5,60519194,44722097
CKAP4,NP_006816.2,622080.3223,1885107.813,1535765.703,42765592.72,21291486.25,14111153
ATP1A1,NP_000692.2,589565.1309,3412851.266,1276541.094,33411147.38,47442896.13,22022354.5
HLA-A,XP_016885777.1,69094.71094,523081.8438,192916.8594,3857742.313,1752848.375,618767.5625
NDC1,NP_060557.3,284768.6504,,980948.8281,13298740.13,9645765.063,12454640.75
KRT7,NP_005547.3,1634505.938,8328632.656,392325.9063,34002152.63,32336798.69,13223331.88
ATP2A2,NP_733765.1,900518.9033,2946509.438,,37880009.23,27849159.38,1529887.281
SLC3A2,NP_001012680.1,1315849.742,6323569.988,152393.8125,40855544.75,44433018.58,1220602.5
NUP155,NP_705618.1,131461.5703,1227187.938,350558.6016,3961665.813,3242483,2842966.25
TUBA1C,NP_001290043.1,74619.63281,4742990.938,,2784397.188,12309237.75,3518570.25
KRT8,NP_001243211.1,1907659.496,3632000.844,4432534.891,44620991.86,17474597.63,47835375.56
PLEC,XP_005251033.1,1421374.502,16426973.97,1994221.656,41290400.47,59835685.19,12073366.69
KPNA2,NP_001307540.1,191115.5293,3362363.375,385441.9688,5892658.625,10605163,1686868.75
IQGAP1,NP_003861.1,450483.8125,1774287.281,725148.5625,11521586.59,7647616.125,4077626.688
MYH9,NP_002464.1,2122161.682,6682162,3731226.984,43660676.05,47865034.06,26694779.16
CCT7,NP_006420.1,530058.9297,2646309.25,495461.3438,11146750.33,14974672,3927170.875
LMNA,NP_733821.1,1500394.631,17800041.38,2256712.375,39886942.73,51859454.5,11193344.38
HMGB1,NP_002119.1,258532.2539,899936.125,,8657528.375,843389.375,1509621.75
HSP90B1,NP_003290.1,691440.0273,1145374.313,2766557.531,17745916.25,4062775.75,9885897.75
MSN,XP_011529261.1,175118.957,1201660.938,478504.0156,4162696.156,3126672.25,2810882.656
EIF4A1,NP_001407.1,1666404.354,8098465.688,896963.375,39888283.53,20475428.88,4962865.625
VIM,NP_003371.2,6184913.189,61485987.16,8645529.688,147861677.8,169010948.3,41821837.56
CSE1L,NP_001307.2,151437.8281,1594248.75,407766.2188,3445647.438,6514880,1887137.75
HNRNPL,NP_001524.2,299654.4844,5254084.336,1691365.313,7204838.594,12990016.3,6436465
ALDOA,NP_001230106.1,2224878.906,22410825.5,4537557.5,51844863,49407450.38,20519853.5
LDHA,NP_001158886.1,7486818.398,1095612.25,6216424.57,146946461.8,6789960.75,24943385.59
FKBP4,NP_002005.1,431282.2813,2516006.125,751107.875,9205488.063,10549425,3193589.25
ANXA2,NP_001002858.1,4797127.791,33719586.16,11214337.52,104410696.9,92872938.25,55394718.63
PPIB,NP_000933.1,239652.3125,1898093.813,300209.5313,5336734.563,5498279.375,1233497.5
DDX21,NP_004719.2,373426.1895,1817986.594,1469555.688,8038974.281,6760857.844,5145664.75
PLS3,NP_005023.2,222375.5117,676756.6875,815717.0625,3553034.406,5398204.875,3580492.25
EPRS,NP_004437.2,135444.0742,1642496.125,496672.1563,2933627.813,3581881.938,2185347.563
PHGDH,XP_011539528.1,510951.3594,7707262.375,3430836.375,11160004.94,22713979,11753663
VCL,NP_054706.1,236603.6973,685281.125,,6043304.625,1830412.625,311427
HSPA8,NP_006588.1,5208102.23,14973224.7,8115579.594,101616500.1,63339998.31,33392990
AHCY,NP_000678.1,474003.5781,4132365.75,1890791.938,9079316.625,15320396,9275090.063
EEF1G,NP_001395.1,987268.373,1849836.063,334029.5,17453182.19,4836814.125,2491914.75
GAPDH,NP_001276675.1,15075830.4,170262769.8,29098939.64,306535913.4,500839212,125922754.8
HSPA4,NP_002145.3,576109.4141,1983328.625,,12731577.83,9568484.828,508144.9688
HSPA5,NP_005338.1,2721999.172,19655132.44,4509779.875,54351707.28,61453678.75,16894225.5
TFRC,NP_001121620.1,1052894.367,1607143.5,685349.4375,20169785.92,5823156.5,2776595.75
HNRNPA2B1,XP_005249786.1,1176946.273,4730399,1641462.063,18971126.34,15376329,12111891
HNRNPU,NP_114032.2,2234660.078,19443893.94,6418349.688,44469881.58,58713618,23932125.44
HNRNPK,NP_002131.2,1047999.869,12992387.5,3955244.016,20171743.63,35664056.13,17016024.28
P4HB,NP_000909.2,488057.3691,3149132.5,2191438.375,8460343.969,11604250,9962550
G6PD,NP_000393.4,257192.8828,1192320.875,1496068.563,4925947.875,3885536.5,4139904.375
HSP90AB1,NP_001258898.1,4039159.063,19826064.66,8198208.5,71397111.38,71440462.38,31546658
HSP90AA1,NP_001017963.2,2549332.828,14278776.13,5119859.5,42464613,55574593.5,21799938
PKM,XP_006720633.1,14985039.82,97624522.72,20132774.63,257372941.8,358640759.5,72780603.25
TKT,XP_011532356.1,1768395.578,29645519.84,14482815.7,32852160.75,85394593.75,31489360.19
VCP,NP_009057.1,785892.2188,2529467.156,,14947041.34,11524401.13,874480.3125
HSPD1,NP_002147.2,4529401.492,42310875.68,6437669.219,79762625.41,116428987,19916946.38
CCT8,NP_006576.2,1397951.783,3648126.813,3498123.313,22515432,10710527.25,14619809.5
FLNA,NP_001104026.1,4613410.186,43146313.72,14620365.66,78154225,136321989.5,44588045.13
NCL,NP_005372.2,1412735.266,5514329.75,1872473.188,25034311.25,9248794,6661818.75
EEF2,NP_001952.1,2804657.078,13659310.69,3395642.688,44474549.44,48392078.75,10805693.75
TNPO1,NP_002261.3,148411.9648,2305481.75,933270.0938,2195170.75,6049967.75,4688949.25
TUBB,NP_821133.1,3964859.906,3006056.5,8143263.875,63851138.88,9183308,26477903
ACTB,NP_001092.1,24992397.9,86694042,26767497.25,427418560.9,195631977.5,81520847.5
FASN,NP_004095.4,1997440.828,7937852.781,4704937.609,31402225.56,27416690.31,14709804.22
ANXA1,XP_016870146.1,1649179.383,11526058.75,2731152.031,24045372,24839155.5,15057779.5
PGK1,NP_000282.1,1868094.219,16214400.5,2355802.375,28154046.63,54202020,8963334.75
TLN1,NP_006280.3,134532.1973,,,2857970.844,4143211.75,446666.9688
ENO1,NP_001340275.1,10846406.39,30878147.59,32984084.5,145269779.6,85928074.81,115646023.8
HNRNPH1,XP_011532847.1,776305.6484,,2483288,12375632.06,1416561.75,8819052
TPI1,NP_001152759.1,2428724.564,17735621.75,4129957.875,33803579.7,42208683.25,13004205.5
CLTC,XP_005257069.1,19524251.24,3360576.063,558053.125,196444707.3,10955968.75,3236867.375
KRT17,NP_000413.1,1735867.156,425107.25,759776.9375,24206900.84,939715.875,2226278.25
PFKP,XP_005252522.1,323656.0078,3229209.25,,5203123.813,8184928.625,695660.1875
ATP5F1A,XP_016881278.1,1066984.93,6963876.281,471859.875,14870026,14872537.25,976560.5625
VDAC1,XP_005272132.1,2142508.523,11450911.69,20510918.5,25661721.5,40960487.75,33945119.31
TMPO,NP_001027454.1,,,341361.875,1015754.563,1678436.75,5746977.875
YBX1,NP_004550.2,393767.6768,14764248.88,2170145.422,5110409.922,1525933.625,2878332.094
RPL19,NP_000972.1,1250099.641,15514213.5,40652183,11199052.25,34770371.81,18520695.36
KRT16,NP_005548.2,268976.2344,626681.6875,4196690.5,1283598.813,1349449.25,898070.0625
HRNR,NP_001009931.1,253079.4282,1053253.281,7328435.063,1363703.547,947772.8047,673108.0234
KRT9,NP_000217.2,29187669.68,34311086.14,450934559.4,108572568.5,62399310.39,58598091.73
MCCC1,NP_064551.3,509626.9063,1492467.625,2811607,1162350.344,1971116.594,1836988.75
KRT1,NP_006112.3,59183171.12,129970584.8,633325838.3,146029547.3,204206438.9,133572586
ACACA,XP_016880042.1,6762794.984,21135462.89,62392565,16438125.08,26052229.36,24946241.16
KRT10,XP_005257400.1,40207007.9,452469915.3,147867698.7,110966597.3,350142975.5,63580256.91
PC,XP_016873358.1,2878434.195,3853562.875,29908761.66,6581201.031,1086252.75,35544357.44
KRT2,NP_000414.2,17436171.09,23785983.88,11749156.1,40249939.27,21635059.33,5110271.711
KRT6A,NP_005545.1,1098331.891,9711052.125,2758299.5,1876888.125,4155819.563,701104.375
KRT13,NP_705694.2,4034563.5,4183181.5,,560307.6719,268664.375,685528.375
GOLIM4,XP_005247421.1,9914.826172,0,,10102763.66,0,10412373.25
CD44,XP_005253288.1,158076.2734,140000.3906,0,47232470.53,19384546,0
MTDH,XP_011515669.1,40327.40625,0,655927.1094,9525304.625,0,4718611.375
ABCD1,NP_000024.2,33225.02344,0,,6948977.75,0,1844644.25
SRPRB,NP_067026.3,249417.8359,1231066.625,0,42477742.75,38178034,0
CCDC47,XP_005257584.1,30737.07422,,0,5872230.688,2072036.375,0
TBL2,NP_036585.1,48030.97266,0,332381.75,6707688.75,0,11841680.44
LPCAT1,XP_011512434.1,90531.78906,597737.4531,0,11939305.13,13485010,0
CCT6A,NP_001753.1,42714.84375,2882339.125,0,4669868.094,11215260.5,0
TMEM33,XP_005248174.1,180139.9219,0,539092.25,10182186.38,0,23406328
CALD1,NP_149129.2,48281.67969,0,51290.29688,1513972.688,0,2029361.078
HAT1,NP_003633.1,27861.03711,1228391.094,0,1783206,5433911.5,0
QARS,NP_005042.1,56196.16406,0,387331.5859,3403090.844,0,1426528.5
PCYOX1,NP_057381.3,103850.1602,0,124769.3594,5402072.25,0,872375.9375
NPM1,NP_002511.1,220663.0938,27358096,0,12153143.38,39470393.5,0
CCT3,NP_005989.3,255625.1133,2256372.25,0,12077602.38,7278404.5,0
EIF4G1,NP_001181876.1,64341.83984,603748.3125,0,2836067.813,2419576.5,0
CCT2,NP_006422.1,259334.3359,424514.5313,0,11064321,1447437.75,0
KRT18,NP_954657.1,166580.2344,576061.8125,0,5644807.813,4932114.875,0
ATP6V1A,NP_001681.2,69186.64258,0,,2527054.719,0,984725.3438
DDB1,NP_001914.3,47435.44531,2101900.063,0,1635310.188,4110871.375,0
EFTUD2,NP_001245282.1,39696.25781,801438.5938,0,1191732.281,4732968.5,0
RECQL,XP_005253521.1,50899.27734,1052511.531,0,1605886.844,2910867.188,0
STIP1,NP_001269581.1,144769.375,266687.0313,0,3917712.422,1924334.75,0
RPL4,NP_000959.2,238664.498,86321.22656,0,6748375.313,275973.6875,0
PDLIM5,XP_006714129.1,89190.98633,0,428520.7813,2340169.219,0,2144224.688
AHNAK,NP_001333374.1,236941.4805,924559.5938,0,6496709.047,3302120.125,0
DRG1,NP_004138.1,48362.1875,0,321301.6875,1312481.094,0,1073689.25
KIF5B,NP_004512.1,34414.75781,,0,1013453.25,1097722,0
TRAP1,NP_057376.2,32757.11523,470166.625,0,812163.8438,1896673,0
PCBP1,NP_006187.2,68230.08594,886761.6875,0,1829912.219,1149778.5,0
ACLY,NP_001290203.1,984616.2773,3177201.313,0,24418940.38,10468069.13,0
SPTLC1,NP_006406.1,106839.0508,343198.25,0,2355425.125,2017111.75,0
PABPC1,XP_005250918.1,392056.75,6517628.75,0,9280039.875,23123207,0
FSCN1,NP_003079.1,520000.1406,9291144.375,0,12796257.88,22416809,0
SCCPDH,NP_057086.2,380904.7656,3850494.063,0,7939410.188,23466399,0
PFN1,XP_016880250.1,3202431.836,0,4691425.5,69329463.75,0,24027930.5
MDH1,NP_001303303.1,218115.5078,2031836.375,0,5309298.969,4474822,0
HNRNPD,NP_112738.1,279592.5,9132473.75,0,6698215,21056798.5,0
SF3B3,NP_036558.3,158282.7344,2536900.938,0,3598408.875,8359720.125,0
HNRNPC,XP_011535012.1,684432.6328,7593047,0,15797791.81,21986730.5,0
CALR,NP_004334.1,186829.3438,0,1306212.25,4223160.75,0,3845730.5
CCT5,NP_036205.1,206047.8203,1651332.969,0,4385041.813,6551474.25,0
RRM1,NP_001024.1,51518.86328,0,306051.0625,1095020.125,0,1142007.875
RPS3A,NP_000997.1,209938.6719,647339.5625,0,4147478.063,3155536.5,0
EIF2A,NP_114414.2,23203.36914,694980.7188,0,500443.5313,1974586.031,0
GSTP1,NP_000843.1,832233.4023,584542.75,,14596460.84,4006568.25,
SPTAN1,XP_006717308.1,76247.9375,608253.5625,0,1378033.5,3698253.75,0
PDIA3,NP_005304.3,428966.5078,0,614138.25,8039884.344,0,3266671.875
PSMA7,NP_002783.1,224609.9766,2998815.375,0,4582850.25,9641534.5,0
RPS15A,NP_001010.2,340048.5078,8551989.875,0,7655601.625,8413984.875,0
CPS1,XP_011508942.1,618156.0117,3461417.5,,12451661.58,11048132,
RPL7A,NP_000963.1,934282.21,0,2060914.781,18457447.39,0,7309860
ATXN10,NP_037368.1,47448.41406,958826.9375,0,970507.9375,2076084.125,0
UBA1,XP_016885266.1,838420.1445,4151482.688,,15906605.31,12910118.88,
GPI,XP_011525056.1,614087.7031,4396517.156,0,11448361.19,12656908.25,0
ALDH18A1,NP_001310342.1,91724.00293,1133554.938,0,1682959.031,3552341.5,0
DHX9,NP_001348.2,417736.3086,2309494.563,0,7581500.688,7062187.75,0
PGD,NP_002622.2,341885,4135463.25,0,6350465.25,10733115.5,0
PTBP1,XP_005259654.1,510179.5547,2035785.25,0,8355573.625,9355328,0
RPS8,NP_001003.1,928443.8926,18433567.5,0,16475221.75,57526193,0
RPLP0,NP_000993.1,1112379.418,4788190.5,0,21175519.75,8690762,0
HSPA9,NP_004125.3,1441788.168,6627578.125,0,26931818.22,14298305.5,0
TCP1,NP_110379.2,515575.7031,2760494.813,0,9138350.875,7874505.75,0
RARS,NP_002878.2,205842.5195,0,449141.0938,2789536.656,0,2971848.375
RPL12,NP_000967.1,703013.3125,4136373.5,0,12396490.25,9075259,0
TRAP1,NP_057376.2,178603.9746,2278757.25,0,2889328.5,7658417.5,0
NSUN2,NP_060225.4,122424.3516,500598.25,0,2107456.375,1156629.5,0
VDAC2,NP_001171712.1,2922126.6,0,991812.4375,51488710.5,0,1859053.625
HSPA1A,NP_005336.3,2239010.063,5111075.188,0,36935217.31,13773436.63,0
EEF1A1,NP_001393.1,6222178.43,25433795,0,92359447.41,99593579.5,0
HNRNPDL,NP_112740.1,124570.4453,0,1262007,1854959.5,0,4816606.75
PLIN3,NP_005808.3,318875.6367,1676901.75,0,4803216.313,5699526.5,0
RCC1,NP_001041659.1,161246.6641,1521239.563,0,2575960,3782267,0
IPO7,NP_006382.1,399381.4844,3293020.625,0,6154637.875,9321642.5,0
ACTN1,XP_016877209.1,172680.8535,,0,3075202.25,1290568.5,0
NCLN,NP_064555.2,191333.4688,,,3398789.375,812248.1875,
RPL18A,NP_000971.1,609838.1484,0,8558219,9836994.625,0,13149000.75
HNRNPA1,NP_002127.1,433473.1875,2183278.688,0,6634703.563,4930043.375,0
DYNC1H1,NP_001367.2,278192.1484,861188.125,0,4006725.516,2661527,0
RACK1,NP_006089.1,1354861.945,0,651134.9375,20641717.34,0,1468778.125
PRKDC,NP_008835.5,720813.957,1610177.063,0,9994127.5,5254905.938,0
RPL30,NP_000980.1,758945.3203,13686744.88,0,10873380.94,38337607.63,0
KIF23,XP_005254853.1,160592.6328,10420841.63,0,2386265.469,8833572.938,0
PRDX1,NP_002565.1,5635628.109,18392358,0,71846357.5,46793853.25,0
TARS,NP_001245367.1,1836951.717,3010796,0,20012780.44,12783937.75,0
TMPO,NP_001027454.1,258491.25,,0,3699768,1671519.25,0
ALDH3A2,XP_011522035.1,1671332.863,,0,23549306.59,19597626,0
CLIC1,NP_001279.2,98813.4375,0,,1366084.375,0,5978600
RPL32,NP_001007074.1,345462.4336,0,1850503.563,4504845.875,0,1194967.688
STRAP,NP_009109.3,0,1597378.188,262901.2188,0,4860439.125,2649674.625
PPIA,NP_066953.1,4289867.063,28770931.38,0,49263493.94,46178778.25,0
EIF3L,XP_006724323.1,0,984756.625,307132.7188,0,4002128.75,2570761.625
NPEPPS,XP_016880861.1,0,1478712.688,1048977.469,0,11651046,4334250
ACTN4,XP_016882820.1,0,1183368.125,2552539.875,0,5919179.5,15128186.13
CERS2,XP_011507753.1,,0,270417.7188,1820336.688,0,2905354.75
RPL18,NP_000970.1,3610657.531,2513609.75,0,30924496.5,4188579,0
SYNCRIP,XP_005248694.1,0,1627351.938,1334202.625,0,8880509.875,5449308
HIST1H1D,#N/A,1127014.32,1729774.25,0,8983138.25,1984316.25,0
IMPDH2,XP_016861839.1,0,739178.9375,1699928.906,0,2689913.5,6422533.25
KRT5,NP_000415.2,3682586.852,0,7352508,23671640.25,0,3033562.75
EPHX1,NP_000111.1,,0,1411400.313,6016261.813,0,8458343
SCAMP3,NP_005689.2,0,1515931,,0,8100779.75,4579009
IPO9,NP_060555.2,,486523.25,0,560788.9375,2511763.563,0
SNRNP70,NP_003080.2,110650.9453,255096.5156,0,407477.9375,243277.5156,0
AARS,NP_001596.2,,187676.2969,0,222053.4219,753013.6875,0
STOM,NP_004090.4,,794944.125,0,1539300.5,3175130.531,0
SND1,NP_055205.2,,0,1402595.25,762474.1875,0,5251791.875
HLA-C,NP_001229971.1,,741348.625,,,2585214.75,1437977.75
GFPT1,XP_016859290.1,,490342.5625,0,270338.9063,1703130.5,0
ATP2B1,#N/A,298065.0625,0,,990048.5625,0,467537.4688
KRT14,NP_000517.2,476656.25,,7116158.375,1348865.563,,2133886.469
CAPZA1,NP_006126.1,,398136.4375,0,1506576.469,1104073.75,0
ACTR2,NP_001005386.1,,0,431549.75,587785.0625,0,1054642.875
RBM14-RBM4,NP_001185774.1,,1733696.875,0,471764.5,3901930,0
EPPK1,XP_016869381.1,,1196077.25,0,1148507.375,2672966,0
HMGB2,NP_001124160.1,0,341082.875,,0,564072.25,279896.3438
PRPF6,NP_036601.2,,264306.7188,0,395335.8125,308840.6875,0
TM9SF2,NP_004791.1,,0,,3670067.938,0,7345344.063
TMED1,NP_006849.1,,0,,2031596.5,0,5846075.188
CISD1,XP_016871898.1,0,,,0,1107260.875,1711064
EIF2S1,NP_004085.1,,0,,1277450.938,0,1242287
NCSTN,NP_056146.1,46237.95313,0,0,9856395.125,0,0
ITGA3,NP_002195.1,16691.13281,0,0,2298118.984,0,0
SLC7A5,XP_016879224.1,154945.5313,0,0,20738821.72,0,0
PGRMC1,NP_006658.1,31043.72266,0,0,3812677.25,0,0
TRIM28,NP_005753.1,30801.43945,0,0,3725629.25,0,0
DNAJC1,NP_071760.2,34729.29297,0,0,3623592.742,0,0
MTA2,NP_004730.2,10225.64844,0,0,1059636.844,0,0
PGRMC2,#N/A,146135.9141,0,0,14750661.13,0,0
DHCR7,NP_001157289.1,25935.77148,0,0,2393834.25,0,0
GPAA1,NP_003792.1,75684.32813,0,0,6885901.25,0,0
RAB14,NP_057406.2,30560.42188,0,0,2642702.813,0,0
CPT1A,XP_005273819.1,83907.90234,0,0,6414504.438,0,0
SSR1,NP_003135.2,267629.8359,0,0,20450345.5,0,0
TM9SF3,XP_011538278.1,135862.8125,0,0,10206945.5,0,0
ANKLE2,NP_055929.1,120700.7344,0,0,8793943.375,0,0
HK2,XP_005264337.1,25914.48633,0,0,1802315.5,0,0
TMEM259,XP_005259732.1,57659.86328,0,0,3974412,0,0
MCAM,NP_006491.2,25524.18555,0,0,1758806.5,0,0
SFXN1,NP_001309906.1,63417.4375,0,0,4319408,0,0
HSD17B10,NP_004484.1,44694.98828,0,0,3008004.031,0,0
HNRNPR,XP_011538773.1,82114.5957,0,0,5477288.281,0,0
RPS6,NP_001001.2,142269.4844,0,0,8541703.625,0,0
LARS,#N/A,26641.33594,0,0,1568386.844,0,0
ZMPSTE24,NP_005848.2,50020.70313,0,0,2907961.453,0,0
PSMD11,NP_002806.2,77067.98438,0,0,4437465.813,0,0
CLPTM1L,NP_110409.2,167592.1621,0,0,9643592.75,0,0
PPP1CC,XP_011536806.1,26473.48047,0,0,1510439.375,0,0
RAB11B,NP_004209.2,64448.40234,0,0,3452858.5,0,0
CANX,XP_011532966.1,996762.5703,0,0,52267852.38,0,0
CAP1,NP_001337404.1,37770.9375,0,0,1964731.5,0,0
ERLIN1,NP_006450.2,44691.3125,0,0,2188022.5,0,0
CTNNA1,NP_001310912.1,71634.89453,0,0,3487841.875,0,0
CHORDC1,NP_036256.2,35399.875,0,0,1714245.375,0,0
PARP1,NP_001609.2,95406.92578,0,0,4554104.438,0,0
MCM3,NP_002379.3,39840.14844,0,0,1880844.656,0,0
SMC4,XP_006713522.1,33932.55078,0,0,1546495.066,0,0
EIF3L,XP_006724323.1,60135.25,0,0,2738452.344,0,0
GARS,#N/A,90355.30469,0,0,4080955.188,0,0
SLC35B2,NP_835361.1,46285.09375,0,0,1980468.875,0,0
SERPINB6,XP_011512974.1,29047.83008,0,0,1239477.688,0,0
TRA2A,NP_037425.1,32465.47656,0,0,1385084.719,0,0
PPP2R1A,NP_055040.2,80895.48438,0,0,3206948.281,0,0
SEC11A,NP_001258851.1,183097.7031,0,0,7190650,0,0
ETFA,NP_000117.1,0,47602.69531,0,0,1842708.313,0
TOP1,NP_003277.1,32328.29688,0,0,1215521.25,0,0
MYBBP1A,NP_001099008.1,23593.18359,0,0,882663.875,0,0
PLA2G4A,#N/A,99122.75,0,0,3690176.125,0,0
RPS7,NP_001002.1,46138.16797,0,0,1685644.719,0,0
RPL6,XP_016875270.1,201293.2305,0,0,7219920.844,0,0
WDR1,XP_016864369.1,71017.28906,0,,2539444.313,0,
SPCS2,NP_055567.2,64755.43359,0,0,2311786,0,0
TPM3,NP_001036816.1,108825.459,,0,3763163.563,,0
GALNT2,XP_016856452.1,30074.82813,0,0,1037804.844,0,0
NOP58,NP_057018.1,39799.83203,0,0,1368493.594,0,0
RAB10,NP_057215.3,39136.4375,0,0,1343832.875,0,0
PARK7,NP_009193.2,77816.21094,0,0,2658237.094,0,0
KTN1,XP_006720201.1,70041.04688,0,0,2392092.938,0,0
SEC22B,NP_004883.3,156575.6641,0,0,5339416.5,0,0
SRM,NP_003123.2,97272.89063,0,0,3211725.375,0,0
RBM14,NP_006319.1,32158.98828,0,0,1013907.125,0,0
PYGL,NP_002854.3,24673.01758,0,0,768603.9063,0,0
CAPZB,XP_011540530.1,101330.0586,0,0,3108081.781,0,0
PRKCSH,NP_001276033.1,49101.18359,0,0,1498051.844,0,0
SUPT16H,NP_009123.1,106432.1836,0,0,3245650.313,0,0
PSMC3,XP_016873515.1,45759.52734,0,0,1384983.875,0,0
FAM129B,#N/A,78225.0625,0,0,2343552.969,0,0
RUVBL2,NP_006657.1,28025.21875,0,0,835726.3125,0,0
HDAC2,NP_001518.3,56037.62891,0,0,1658095.313,0,0
CYB5R3,NP_001165131.1,105755.6973,0,0,3127104.125,0,0
ATIC,NP_004035.2,183931.8086,0,0,5395098.094,0,0
PSMB5,NP_002788.1,52645.52344,0,,1523960.063,0,
CTTN,NP_001171669.1,31510.90625,0,0,904572.6875,0,0
SLC2A1,NP_006507.2,173806.7891,0,0,4979417.25,0,0
KPNB1,NP_002256.2,165870.9063,0,0,4745538.25,0,0
CAPRIN1,XP_016873238.1,56969.27344,0,0,1614915.375,0,0
GART,NP_000810.1,27036.99609,0,0,761898.1875,0,0
PEBP1,NP_002558.1,42108.5,0,0,1183289.25,0,0
CCT4,NP_006421.2,613426.5215,0,0,17169164.88,0,0
LMNB1,NP_005564.1,106909.3594,0,0,2979807.656,0,0
GNAI2,NP_002061.1,35855.03516,0,0,997679.9375,0,0
ACSL3,NP_976251.1,77667,0,0,2160105.25,0,0
ATP5F1B,NP_001677.2,444290.1406,0,0,12121419.25,0,0
MTHFD1,NP_005947.3,221068.3203,0,0,6013917.297,0,0
CLPTM1,NP_001285.1,405432.8125,0,0,10942980.13,0,0
RPL38,NP_001030335.1,186893.7031,0,0,4920922.5,0,0
FEN1,NP_004102.1,26327.07813,0,0,687826.3125,0,0
ACO1,NP_002188.1,23509.97266,0,0,613063.375,0,0
IDH1,NP_005887.2,92418.80078,0,0,2391579.813,0,0
XPO1,XP_011531399.1,140016.2148,0,0,3588719.938,0,0
COPA,NP_001091868.1,95934.27734,0,0,2456111.219,0,0
LTA4H,NP_000886.1,30244.08594,0,0,773221.75,0,0
MCM7,NP_005907.3,127068.4922,0,0,3237070.5,0,0
YIF1A,XP_016872629.1,244588.75,0,0,6190174.563,0,0
MAT2B,NP_037415.1,34696.32031,0,0,875851.6875,0,0
DDX17,NP_001091974.1,110933.7539,0,0,2764268.188,0,0
HNRNPM,NP_005959.2,301112.6914,0,0,7469622.563,0,0
CBX3,NP_057671.2,63028.83203,0,0,1559401.25,0,0
TARDBP,NP_031401.1,30193.00781,0,0,740127.75,0,0
NONO,NP_001138880.1,246881.6992,0,0,6042581.688,0,0
GANAB,NP_938149.2,184379.9922,0,0,4502979.688,0,0
CTPS1,NP_001896.2,107518.582,0,0,2620015.75,0,0
ACTN4,XP_016882820.1,917036.2188,0,0,22285708.17,0,0
EIF3CL,NP_001093131.1,101787.7852,0,0,2450798.859,0,0
ERP29,NP_006808.1,58837.85156,0,0,1414935.813,0,0
TUBB4B,NP_006079.1,1164560.469,0,0,27677534,0,0
DDOST,NP_005207.2,118180.1094,0,0,2807157.75,0,0
HNRNPA3,NP_919223.1,93268.90625,0,0,2206288.25,0,0
OLA1,NP_037473.3,73109.73438,0,0,1716100.156,0,0
NOP56,NP_006383.2,38599.41406,0,0,892429.9375,0,0
GDI1,NP_001484.1,23461.06641,0,0,541676.5625,0,0
PABPC4,NP_001129125.1,155408.6641,0,0,3578394.875,0,0
ANXA5,NP_001145.1,979698.3906,0,0,22244907.47,0,0
SFPQ,XP_016857543.1,668164.125,0,0,15048604.91,0,0
TAGLN2,NP_001264153.1,378239.7578,0,0,8464873.563,0,0
MCM5,NP_006730.2,105515.9648,0,0,2359057.75,0,0
HSPH1,NP_001273433.1,167373.7539,0,0,3729730.375,0,0
RPS4X,NP_000998.1,382864.125,0,0,8527418.75,0,0
PRDX3,NP_006784.1,115731.8281,0,0,2565387.625,0,0
EIF3M,NP_006351.2,32951.96094,0,0,723035.5625,0,0
PCNA,NP_872590.1,105713.1484,0,0,2312852.563,0,0
ZC3HAV1,NP_064504.2,24624.29688,0,0,534973.6875,0,0
ARHGDIA,NP_001288172.1,168684.9844,0,0,3650992.75,0,0
SEPT9,XP_011522506.1,34477.96875,0,0,746203.875,0,0
MCM6,NP_005906.2,203851,0,0,4393243.781,0,0
MAT2A,NP_005902.1,145947.3965,0,0,3127154.75,0,0
PA2G4,NP_006182.2,273593.8125,0,0,5834637.063,0,0
SDHA,XP_016865174.1,63385.59473,0,0,1333985.531,0,0
YWHAZ,NP_003397.1,311834.6328,0,0,6511924.063,0,0
TOMM40,NP_006105.1,78002.49219,0,0,1628676.5,0,0
PSMA6,NP_002782.1,136280.9688,0,0,2844550.75,0,0
APEH,XP_011531960.1,44544.59766,0,0,925225.9375,0,0
UGDH,XP_005262724.1,65779.17969,0,0,1359662.5,0,0
PDCD6IP,NP_001155901.1,105299.0273,0,0,2174352.781,0,0
IPO5,XP_011519391.1,333543.4102,0,,6826749.125,0,
MCM2,NP_004517.2,146347.3477,0,0,2994591.32,0,0
ARPC5,NP_001257368.1,77358.88281,0,0,1582203.875,0,0
C7orf55-LUC7L2,#N/A,27854.15625,0,0,567990,0,0
ANXA6,NP_001146.2,135189.3164,0,0,2731523.063,0,0
SLC16A3,NP_001193880.1,40426.17578,0,0,810960.625,0,0
PSMD1,NP_002798.2,40004.99219,0,0,799692.625,0,0
ACTA1,NP_001091.1,1111213.25,,0,22169188,,0
HDLBP,NP_976221.1,39806.72656,0,,790857.9375,0,
AKR1C1,NP_001344.2,200478.9688,0,0,3968007.5,0,0
FLNB,NP_001157789.1,65393.42383,0,0,1277321.313,0,0
RPN2,NP_001311230.1,68009.9375,0,0,1327272.438,0,0
RAN,XP_016875261.1,2193722.211,0,0,42739915.25,0,0
DARS,NP_001340.2,101382.8398,0,0,1975073.063,0,0
G3BP1,#N/A,99791.75391,0,0,1927893.313,0,0
PHB2,NP_001138303.1,271339.8184,0,0,5239841.977,0,0
NME1,NP_937818.1,480328.8125,0,0,9229106.563,0,0
RPS25,NP_001019.1,714888.9688,0,0,13725353.5,0,0
RAB7A,NP_004628.4,338066.3828,0,0,6485460.438,0,0
HADHA,NP_000173.2,30777.58789,0,0,590113.6875,0,0
SYNCRIP,XP_005248694.1,352378.1055,0,0,6742358.344,0,0
RPL24,NP_000977.1,654786.6563,0,0,12513341.75,0,0
PFDN2,NP_036526.2,44106.23828,0,0,833684.375,0,0
XRCC6,NP_001275905.1,509788.207,0,0,9587291.836,0,0
SEC13,XP_016862508.1,54324.00391,0,0,1015421.625,0,0
CBR1,NP_001748.1,177532.4102,0,0,3317500,0,0
LDHB,NP_001302466.1,2602910.738,0,0,48587386.78,0,0
PDIA4,XP_006716248.1,144747.6289,0,0,2698056.875,0,0
VARS,XP_005249419.1,148581.7598,0,0,2745466.188,0,0
LRRC59,NP_060979.2,0,0,469506.1563,0,0,8675075
ILF3,XP_016882252.1,267658.1836,0,0,4943545.148,0,0
HNRNPH3,NP_001309365.1,59354.88672,0,0,1093577.75,0,0
CAND1,NP_060918.2,68791.15625,0,0,1264725.125,0,0
RPS9,NP_001004.2,880081.4805,0,0,16097265,0,0
PSAT1,NP_478059.1,57492.19141,0,0,1045656,0,0
HMOX2,XP_011520775.1,22735.17969,0,0,412025.5781,0,0
ARF1,NP_001019399.1,472279.3691,0,0,8480104.688,0,0
MDH2,NP_005909.2,635741.3867,0,0,11398071.69,0,0
EZR,NP_001104547.1,92721.57813,0,0,1655645.25,0,0
EEF1D,XP_016868657.1,420831.625,0,0,7471807.844,0,0
RPS3,NP_001247435.1,2034252.453,0,0,36080028.75,0,0
HSPB1,NP_001531.1,562595.6445,0,0,9898679.25,0,0
RPS14,NP_005608.1,455820.5547,0,0,7763085.75,0,0
RPN1,NP_002941.1,237782.5938,0,0,4048487.094,0,0
PAICS,NP_001072993.1,386004.6016,0,0,6555665.625,0,0
PSMC2,NP_002794.1,80536.58594,0,0,1365010.25,0,0
PRDX6,NP_004896.1,817368.8281,0,0,13811584.25,0,0
DDX3X,NP_001347.3,515828.7969,0,0,8649597.063,0,0
YWHAE,NP_006752.1,388545.8281,0,0,6458845.75,0,0
DDX5,NP_001307526.1,327167.0781,0,0,5346825.438,0,0
TUBA4A,NP_005991.1,281415.5938,0,0,4546609,0,0
RPL7,NP_000962.2,2079749.445,0,0,33370000.86,0,0
NQO1,NP_000894.1,243143.7188,0,0,3897378,0,0
PFAS,NP_036525.1,79079.99219,0,0,1262875.531,0,0
PHB,XP_016880252.1,461596.7031,0,0,7354423.156,0,0
RPL23,NP_000969.1,386187.0469,0,0,6144736.75,0,0
RPL3,NP_000958.1,263652.2852,0,0,4140616.313,0,0
SERPINH1,NP_001193943.1,422140.1563,0,0,6601010.5,0,0
RPL5,NP_000960.2,573537.4453,0,0,8940686.156,0,0
KHSRP,XP_005259725.1,237955.8594,0,0,3685085.406,0,0
CFL1,NP_005498.1,342702.9961,0,0,5228423.5,0,0
IARS,NP_002152.2,101252.6328,0,0,1542328.875,0,0
LRPPRC,NP_573566.2,172112.9844,0,0,2613717.688,0,0
CEP290,XP_011537064.1,26710.42188,0,0,404149.9375,0,0
IMPDH2,XP_016861839.1,209514.4609,0,0,3134586.5,0,0
UBA52,XP_016882687.1,4358185.129,0,0,65144827.94,0,0
SRSF1,NP_008855.1,482024.3906,0,0,7139523,0,0
HNRNPF,NP_001091678.1,156485.2246,0,0,2286729.359,0,0
TUFM,NP_003312.3,370822.0703,0,0,5354230.375,0,0
SHMT2,NP_005403.2,153548.2656,0,0,2212778.438,0,0
CKB,XP_016876440.1,212805.9453,0,0,3044932.625,0,0
YWHAQ,NP_006817.1,116644.9063,0,0,1666642.125,0,0
XRCC5,NP_066964.1,53499.16797,0,0,762802.5625,0,0
ST13,NP_003923.2,213385.6094,0,0,3034247.75,0,0
PSMD2,NP_002799.3,202678.959,0,0,2864694.516,0,0
RPL10A,NP_009035.3,334525.75,0,0,4679992,0,0
EIF2S3,NP_001406.1,168543.7578,0,0,2287239.625,0,0
HIST1H1B,#N/A,352369.7734,0,0,4768786,0,0
ADSL,XP_011528279.1,105359.5508,0,0,1398045.188,0,0
DDX19A,NP_060802.1,32198.66211,0,0,426872.8125,0,0
PSMD5,NP_005038.1,42290.08203,0,0,559922.3125,0,0
PSMA4,NP_001096137.1,169536.1563,0,0,2232677.5,0,0
DHX15,NP_001349.2,153071.9258,0,0,1987370.875,0,0
RPS10,NP_001191020.1,134732.498,0,0,1742828.594,0,0
HIST1H2AL,#N/A,7493341.063,0,0,96758986,0,0
SOD2,NP_000627.2,122316.25,0,0,1570207.75,0,0
DHX36,NP_065916.2,55921,,0,714330.125,,0
USP5,NP_001092006.1,129411.7773,0,0,1635286.563,0,0
RACGAP1,NP_001306935.1,337109.75,0,0,4242194.188,0,0
RPS2,NP_002943.2,961557.7813,0,0,12099798.63,0,0
HIST1H4H,#N/A,14386174.19,0,0,180916306,0,0
ANXA3,NP_005130.1,38325.06641,0,0,472020.0938,0,0
MATR3,NP_954659.1,137471.7578,0,0,1672925.063,0,0
TRIP13,XP_011512465.1,232123.0703,0,0,2787745.125,0,0
RPS5,NP_001000.2,270574.7891,0,0,3193828.25,0,0
MGST3,NP_004519.1,105105.6035,0,0,1236791.281,0,0
RPL13,NP_150254.1,627927.1719,0,0,7265878.563,0,0
DHCR24,NP_055577.1,0,0,995257.9688,0,0,11486747.75
SLC25A5,NP_001143.2,432752.2188,0,0,4946206.625,0,0
YWHAG,NP_036611.2,68867.00781,0,0,785799.0625,0,0
RHOC,NP_001036143.1,75973.03906,0,0,856277.5625,0,0
HDGF,NP_001306115.1,80197.21094,0,0,865904.875,0,0
SNRPN,NP_001336387.1,146081.7656,0,0,1507166.375,0,0
RPL9,NP_001020092.1,569066.875,0,0,5680667.766,0,0
ACTR3,NP_005712.1,368587.5,0,0,3351452.188,0,0
DDX39B,NP_542165.1,152563.7813,0,0,1288745.844,0,0
RPS17,NP_001012.1,389011.1484,0,0,3213074.5,0,0
TXNRD1,NP_001087240.1,205163.7227,0,0,1633024.781,0,0
RPL31,NP_000984.1,583622.2188,0,0,4639158.5,0,0
TOP2A,NP_001058.2,75051.08594,0,0,590545.5625,0,0
SLC7A5,XP_016879224.1,0,1408505.625,0,0,10867330.81,0
ALDH1B1,NP_000683.3,618771.1641,0,0,4740913.031,0,0
HARS,NP_002100.2,445917.9844,0,0,3361891.375,0,0
ABCC1,XP_016878726.1,0,193369.5469,0,0,1440067.313,0
DDX39A,XP_011525922.1,73719.51563,0,0,531736,0,0
LDHB,NP_001302466.1,0,192250.8281,0,0,1259712.984,0
COPB2,NP_004757.1,246449.6992,0,0,1487822.5,0,0
KPNA3,NP_002258.2,28797.06055,0,0,171967.8594,0,0
ATP9A,NP_006036.1,0,0,112566.1172,0,0,603744.25
RNH1,NP_976319.1,0,484140.0938,0,0,2299445.625,0
NPEPPS,XP_016880861.1,9958632.871,0,0,46946832.44,0,0
PTGES2,NP_079348.1,617277.8047,0,0,2626048.375,0,0
ILF3,XP_016882252.1,0,2131891.938,0,0,8817098.25,0
CKB,XP_016876440.1,0,0,1124158.844,0,0,4564320.438
NRDC,NP_002516.2,0,938800.7813,0,0,3690675.25,0
EIF3D,NP_003744.1,0,1036775.5,0,0,3892685.75,0
SARS,NP_001317598.1,1077009.227,0,0,4036988.844,0,0
TUBB3,NP_006077.2,0,,1474542.75,0,,5361989
GANAB,NP_938149.2,0,2804228.438,0,0,10019973.69,0
DPYSL2,NP_001184222.1,0,0,175665.9688,0,0,622358
KARS,NP_001123561.1,,496260.2656,0,,1587729.813,0
TXLNA,XP_016856050.1,,273226.7188,0,,860348.5625,0
PLOD1,NP_001303249.1,356417.7109,0,0,1040504.125,0,0
CBR3,NP_001227.1,0,3195505.125,0,0,9084113.5,0
RPSA,NP_001291217.1,0,0,1355375.125,0,0,3682865.25
SLC25A3,NP_005879.1,95798.97656,0,0,253318.0313,0,0
PGM1,NP_001166289.1,0,1048997.156,0,0,2765229.625,0
PDLIM5,XP_006714129.1,0,1729194.875,0,0,4478098,0
ADAMTS5,NP_008969.2,330534.2813,0,0,855568.875,0,0
TUBA1B,NP_006073.2,,8448114.406,,,21744256.56,
PFN1,XP_016880250.1,0,35377976.5,0,0,89159744,0
PCBP2,NP_005007.2,0,5963116.5,0,0,14713863,0
RPL22,NP_000974.1,0,3452270.063,0,0,7754711.875,0
RPS3,NP_001247435.1,0,17133234,0,0,37391639,0
USP32,XP_011523673.1,159056.8438,0,0,337357.8438,0,0
ATP5PO,NP_001688.1,0,3579629.75,0,0,7522869,0
HSPA4L,NP_001304310.1,141339.0313,0,0,284791.7188,0,0
,#N/A,0,682517.1875,0,0,1254674.5,0
HIST1H2BO,#N/A,0,7203090.813,0,0,12352160.88,0
,#N/A,0,964683.4063,0,0,1546554.188,0
KRT6B,NP_005546.2,179658.0156,0,0,286435,0,0
RPL36,NP_056229.2,0,3510616.875,0,0,4028261.125,0
RPS13,NP_001008.1,0,2662461.75,0,0,3054159.75,0
ANP32A,NP_006296.1,0,1755570.125,0,0,1802984.5,0
SMC4,XP_006713522.1,0,51999864,0,0,44432416,0
KRT4,NP_002263.3,3100669.703,2708878.188,0,433689.375,,0
CHST14,NP_569735.1,,0,0,4076309.75,0,0
SLC1A5,NP_005619.1,,0,0,3634018.25,0,0
MTCH2,NP_001304160.1,,0,0,3445096.75,0,0
ASPH,XP_005251292.1,,0,0,3377387.75,0,0
TRAM1,NP_055109.1,,0,0,2810953.594,0,0
SGPL1,XP_011538619.1,,0,0,2708053.25,0,0
EIF4A3,NP_055555.1,,,0,1744665.453,,0
GDI2,NP_001485.2,,,,,844470.4375,
GOLT1B,NP_057156.1,,0,0,2527199.125,0,0
SQSTM1,NP_003891.1,,,,825554.6875,,
SLC43A3,NP_001265135.1,,0,0,2248959.313,0,0
RCC2,NP_001129676.1,,0,0,2239345.313,0,0
SMC2,NP_001036015.1,,0,0,2210532.938,0,0
IKBIP,NP_710154.1,,0,0,2117860.375,0,0
TMEM214,XP_005264438.1,,0,0,2022247.375,0,0
PRDX2,NP_005800.3,0,,0,0,1885016.25,0
HSDL1,XP_005256246.1,0,,0,0,1809393.563,0
ATL3,NP_056274.3,,0,0,1791051.75,0,0
SLC39A14,NP_001338588.1,,0,0,1730666.281,0,0
RTN4,NP_722550.1,,0,0,1697936.375,0,0
BCAP31,NP_001132929.1,,0,0,1629546,0,0
SRP68,NP_055045.2,0,,0,0,1570842.5,0
L1CAM,NP_001265045.1,,0,0,1554982.375,0,0
HNRNPUL2,NP_001073027.1,,0,0,1535544.25,0,0
TOMM22,NP_064628.1,,0,0,1411070.438,0,0
STAT1,XP_016860272.1,,0,0,1363179.938,0,0
EEF1A2,NP_001949.1,,0,0,1258733.625,0,0
,#N/A,,0,0,1192899.406,0,0
RFC2,NP_852136.1,,0,0,1124141.625,0,0
STT3A,XP_011541109.1,,0,0,1106639.25,0,0
CCDC88A,XP_005264475.1,,0,0,1071056.5,0,0
ABCF1,NP_001020262.1,,0,0,999756.2188,0,0
FUBP1,XP_016858228.1,,0,0,991186.9375,0,0
DNAJA1,NP_001530.1,,0,0,984520.6875,0,0
FLOT1,NP_005794.1,,0,0,982708,0,0
YARS,#N/A,,0,0,905021.4375,0,0
RDH11,NP_057110.3,,0,0,832065.875,0,0
TPD52L2,NP_955392.1,,0,0,828650.9375,0,0
SEL1L,NP_005056.3,,0,0,816584.375,0,0
KDSR,NP_002026.1,,0,0,795113.375,0,0
SLC25A6,NP_001627.2,,0,0,761649.75,0,0
RRBP1,#N/A,,0,0,740529.625,0,0
,#N/A,0,0,,0,0,737163.0625
SPTBN1,XP_016860268.1,,0,0,732757.8125,0,0
SLC25A11,NP_003553.2,,0,0,704436.3125,0,0
PSMD13,NP_787128.2,,0,0,685417.5,0,0
COPG1,NP_057212.1,,0,0,661024.0625,0,0
PDIA6,NP_001269633.1,,0,0,657515.875,0,0
NOP2,NP_001245238.1,,0,0,630637.125,0,0
TUBB1,NP_110400.1,,0,0,603272.5,0,0
ICAM1,NP_000192.2,,0,0,590433.2656,0,0
AIMP2,NP_006294.2,,0,0,575664.5625,0,0
PSMC6,#N/A,,0,0,568387.9375,0,0
HSD17B4,NP_000405.1,,0,0,566398.125,0,0
OXCT1,NP_000427.1,,0,0,559356.1875,0,0
RSL1D1,NP_056474.2,,0,0,546547.375,0,0
PFKM,NP_001341664.1,,0,0,546454.5,0,0
EMD,NP_000108.1,0,0,,0,0,516128.0938
GLS,NP_001243239.1,,0,0,506923.625,0,0
PTDSS2,NP_001316473.1,,0,0,497279.4688,0,0
ACAT1,NP_000010.1,,0,0,451481.3125,0,0
PSMC5,NP_002796.4,,0,0,438400.5938,0,0
,#N/A,0,0,,0,0,418291.4688
,#N/A,,0,0,417591.5625,0,0
FAM49B,#N/A,,0,0,366322.625,0,0
RANGAP1,XP_005261752.1,,0,0,358216.1875,0,0
CLCC1,NP_001041675.1,,0,0,335543.375,0,0
IGF2R,#N/A,,0,0,311640.2188,0,0
CUL4A,NP_001008895.1,,0,0,266578.3125,0,0
TAP1,#N/A,,0,0,259140.4844,0,0
RDX,NP_001247422.1,,0,0,257847.9531,0,0
B4GALT1,NP_001488.2,,0,0,197843.5781,0,0
TPR,NP_003283.2,,0,0,151165.7813,0,0
BRI3BP,NP_542193.3,,0,0,112744.9063,0,0
MAP1B,NP_005900.2,,,,0,0,0
CCAR2,NP_066997.3,,,,0,0,0
PPT1,NP_000301.1,0,,0,0,,0
CARS,NP_001014437.1,0,,0,0,,0
TUBB2A,NP_001060.1,0,,0,0,,0
FABP5,NP_001435.1,0,,0,0,,0
HM13,NP_848696.1,0,,0,0,,0
FXR1,XP_005247870.2,0,,0,0,,0
DNAH1,XP_016861618.1,0,,0,0,,0
,#N/A,0,,,0,,
KRT75,NP_004684.2,0,0,,0,0,
KDELR2,NP_006845.1,0,0,,0,0,
GEMIN5,NP_056280.2,0,0,,0,0,
XPOT,XP_016874237.1,0,0,,0,0,
GJA1,NP_000156.1,,0,0,,0,0
PLAA,NP_001026859.1,,0,0,,0,0
SUN1,NP_001124437.1,,0,0,,0,0
C1QBP,NP_001203.1,,0,0,,0,0
HECTD2,NP_001271203.1,,0,0,,0,0
AP1S1,NP_001274.1,,0,0,,0,0
DICER1,NP_001278557.1,,0,0,,0,0
RHOA,NP_001300870.1,,0,0,,0,0
MIA2,NP_001316143.1,,0,0,,0,0
NAP1L1,NP_001317160.1,,0,0,,0,0
TOP2B,NP_001317629.1,,0,0,,0,0
TMX2,NP_001334819.1,,0,0,,0,0
PCBP3,NP_001335169.1,,0,0,,0,0
ATP2B4,NP_001675.3,,0,0,,0,0
DSG2,NP_001934.2,,0,0,,0,0
PSMD3,NP_002800.2,,0,0,,0,0
ABCE1,NP_002931.2,,0,0,,0,0
YBX3,NP_003642.3,,,0,,,0
AGPS,NP_003650.1,,,0,,,0
TRIP11,NP_004230.2,,0,0,,0,0
FUS,NP_004951.1,,0,0,,0,0
TRIM16,NP_006461.3,,0,0,,0,0
IQGAP2,NP_006624.2,,0,0,,0,0
COPS8,NP_006701.1,,0,0,,0,0
CPSF1,NP_037423.2,,0,0,,0,0
MLEC,NP_055545.1,,0,0,,0,0
NCAPD2,NP_055680.3,,0,0,,0,0
DIS3,NP_055768.3,,0,0,,0,0
AGPAT5,NP_060831.2,,0,0,,0,0
HNRNPAB,NP_112556.2,,0,0,,0,0
TUBB6,NP_115914.1,,0,0,,0,0
KRT72,NP_542785.1,,0,0,,0,0
TAF15,NP_631961.1,,0,0,,0,0
MGST1,NP_665734.1,,0,0,,0,0
PSME3,NP_789839.1,,0,0,,0,0
ATP2C1,XP_005247411.1,,,0,,,0
WARS,XP_005268101.1,,0,0,,0,0
CHD4,#N/A,,0,0,,0,0
TOR1AIP1,XP_011507705.1,,0,0,,0,0
FKBP10,XP_011523401.1,,0,0,,0,0
MAPRE1,XP_011526998.1,,0,0,,0,0
FAM114A2,XP_011535844.1,,0,0,,0,0
SPATS2,XP_011536993.1,,0,0,,0,0
,#N/A,,0,0,,0,0
RGPD3,XP_016860227.1,,0,0,,0,0
PDS5A,XP_016863417.1,,0,0,,0,0
EPPK1,XP_016869381.1,,0,0,,0,0
EPB41L3,XP_016881125.1,,0,0,,0,0
YWHAB,XP_016883528.1,,0,0,,0,0
KRT33B,NP_002270.1,138954.6094,0,0,,0,0
KRT82,NP_149022.3,87837.69531,0,0,,0,0
KRT31,NP_002268.2,83128.28125,0,0,,0,0
KRT85,NP_002274.1,63943.07422,0,0,,0,0