gene_name,logFC,pvalue,numReplicates,AveExpr,LipidProbe,hit_annotation
ARPC2,-7.071610078288534,1e-17,1,4.910667918856223,BF-NAPE,no hit
COPS8,-7.071610078288534,1e-17,1,5.81679595576796,BF-NAPE,no hit
DSC1,-7.071610078288534,1e-17,1,6.070954092437001,BF-NAPE,no hit
DSC3,-7.071610078288534,1e-17,1,5.428806933887936,BF-NAPE,no hit
DSG1,-7.071610078288534,1e-17,2,6.589993140235219,BF-NAPE,no hit
EIF3H; EIF3S3,-7.071610078288534,1e-17,1,5.488448255756657,BF-NAPE,no hit
FGFR4,-7.071610078288534,1e-17,1,5.648150559785953,BF-NAPE,no hit
FLG2,-7.071610078288534,1e-17,3,5.899711859701275,BF-NAPE,no hit
FUBP3,-7.071610078288534,1e-17,1,5.450619188642063,BF-NAPE,no hit
HRNR,-7.071610078288534,1e-17,3,6.12351126594172,BF-NAPE,no hit
KRT19,-7.071610078288534,1e-17,1,5.259179923960692,BF-NAPE,no hit
KRT6C,-7.071610078288534,1e-17,1,6.404388486242452,BF-NAPE,no hit
NAPB,-7.071610078288534,1e-17,1,5.468785881207558,BF-NAPE,no hit
NUBP2,-7.071610078288534,1e-17,1,5.012454347250505,BF-NAPE,no hit
PABPC3,-7.071610078288534,1e-17,1,5.616361838107575,BF-NAPE,no hit
PKP1,-7.071610078288534,1e-17,1,6.498186518670989,BF-NAPE,no hit
SLC9A3R1,-7.071610078288534,1e-17,1,5.113182069791776,BF-NAPE,no hit
SRP54,-7.071610078288534,1e-17,1,5.490194404909212,BF-NAPE,no hit
TSFM,-7.071610078288534,1e-17,1,5.8132779274262285,BF-NAPE,no hit
TTLL12,-7.071610078288534,1e-17,1,5.8394461890399425,BF-NAPE,no hit
KRT77,-5.189248674078883,1e-17,3,7.710574441331185,BF-NAPE,no hit
ALB,-5.091789518834272,1e-17,3,8.325973283635914,BF-NAPE,no hit
KRT1,-4.998063573996248,1e-17,3,9.093266756434083,BF-NAPE,no hit
UBE2L5,-4.96430071332608,1.41333333334e-6,3,5.663356707607313,BF-NAPE,no hit
KRT2,-4.950085934189915,1e-17,3,8.182326153920158,BF-NAPE,no hit
DSP,-4.8831792380948595,1.3692133333334e-4,3,7.016792875666607,BF-NAPE,no hit
KRT6B,-4.861840632531641,1e-17,2,7.1273411657456585,BF-NAPE,no hit
KRT9,-4.827737504008327,1e-17,3,9.003131267168254,BF-NAPE,no hit
KRT16,-4.635193758016328,1e-17,3,7.786018747598025,BF-NAPE,no hit
KRT10,-4.630042540547491,1e-17,3,8.500876911546806,BF-NAPE,no hit
RAB6A,-4.505259463616251,0.04906014933333334,3,5.566799032756772,BF-NAPE,no hit
INF2,-4.2806332028641245,1.2585900000000502e-4,2,5.304180914005165,BF-NAPE,no hit
KRT4,-4.221390219217987,3.335e-15,2,6.144156633427949,BF-NAPE,no hit
GSTK1,-3.8386228460364986,0.04372783000000001,2,5.656589501267794,BF-NAPE,no hit
LMAN2,-3.7657287982560974,0.028083034000000007,2,7.468572337336187,BF-NAPE,no hit
PRKAR1A,-3.6981849867395082,0.2798118005,2,5.910935548472676,BF-NAPE,no hit
VASP,-3.638650671012427,1e-17,1,6.3691501978858716,BF-NAPE,no hit
FLOT1,-3.5199661740825223,0.121259115,2,5.507358850475987,BF-NAPE,no hit
ALG1,-3.4942010237624817,0.172880152,2,4.938121225418118,BF-NAPE,no hit
SEC31A,-3.391515743257177,0.4837085985,2,5.086546231187995,BF-NAPE,no hit
CD109,-3.3601151716384456,1e-17,1,6.025861514347304,BF-NAPE,no hit
KRT5,-3.3276200984416637,1e-17,3,7.3439456505667025,BF-NAPE,no hit
YBX3,-3.2591209885040153,0.1306860275,2,5.379182448367902,BF-NAPE,no hit
GBE1,-3.2148309000861373,0.001526841000000005,2,5.572156653495844,BF-NAPE,no hit
DYNC1LI2,-3.105650383238513,0.008052217500000005,2,5.705125118248928,BF-NAPE,no hit
KRT6A,-3.021278908785934,0.325579267,2,8.415764945157026,BF-NAPE,no hit
TOP2A,-2.858624664870609,1e-17,3,6.824526591118045,BF-NAPE,no hit
ALDH2,-2.71405807367045,1e-17,1,5.906234404222097,BF-NAPE,no hit
NACA2,-2.59912230682579,1e-17,1,6.752677397333736,BF-NAPE,no hit
GGCT,-2.568861607632016,0.32304948366666664,3,5.354926664067063,BF-NAPE,no hit
BLVRB,-2.518356883304134,0.3920757006666667,3,5.775062198194849,BF-NAPE,no hit
CCAR2,-2.4737782079142727,0.6149770593333334,3,5.161419485942234,BF-NAPE,no hit
KRT85,-2.4428502162376975,0.2611802163333333,3,6.622174667020297,BF-NAPE,no hit
LOC51035,-2.370113196401161,0.49977911599999997,3,5.957786413670922,BF-NAPE,no hit
KRT14,-2.347253271268953,0.2933949246666666,3,7.3165466225188975,BF-NAPE,no hit
LRRFIP1,-2.3156668003583767,0.15026128766666666,3,5.338735542119425,BF-NAPE,no hit
PSMD7,-2.229568185129648,0.45752847,3,5.552068794449486,BF-NAPE,no hit
PABPC4,-2.1781689923312753,0.22444205833333333,3,5.479570549367775,BF-NAPE,no hit
GNB1,-2.0392753587480588,0.181146329,3,5.813319463473176,BF-NAPE,no hit
EIF5B,-1.8064292343537367,0.15010361436666667,3,5.432178340733501,BF-NAPE,no hit
TOP2B,-1.8054939398126129,1.0000666666666667e-13,3,7.07617948001197,BF-NAPE,no hit
IKBIP,-1.4926713651951473,2.99006e-4,1,5.123524572463907,BF-NAPE,no hit
EDF1,-1.4219946192251238,1.33831e-4,1,5.494987584383179,BF-NAPE,no hit
IDH2,-1.3220758106192716,2.20018e-4,1,5.494427682153407,BF-NAPE,no hit
GGH,-1.211143819771367,2.18037e-4,1,5.645110284552566,BF-NAPE,no hit
FANCI,-1.1432397552695635,0.002305482,1,5.608589626427379,BF-NAPE,no hit
TIGAR,-1.0603828228652794,0.009297801,1,5.3068067440023885,BF-NAPE,no hit
DDX6,-0.8660611671154999,0.022805842,1,5.524546581737329,BF-NAPE,no hit
KRT13,-0.8660611671154999,2.59927e-4,1,5.985169848176295,BF-NAPE,no hit
RBM8A,-0.8466437132882592,0.008457033,1,5.759599980912605,BF-NAPE,no hit
VDAC3,-0.8422222287484118,0.0035185015,2,5.909525993289375,BF-NAPE,no hit
NXN,-0.8293886831901642,0.066951284,1,5.357373017747545,BF-NAPE,no hit
KRT78,-0.8282503781613695,0.10586347100000001,2,5.774782023615693,BF-NAPE,no hit
NAA10,-0.8217855296723504,0.070156484,1,5.356819554433695,BF-NAPE,no hit
RER1,-0.8066983852140693,0.028221553,1,5.453416867076545,BF-NAPE,no hit
ESD,-0.7975700054959614,0.47142795200004806,2,5.958291778030122,BF-NAPE,no hit
NIT2,-0.7623611174719174,0.085094631,1,5.177640642513219,BF-NAPE,no hit
PGP,-0.7502547803544004,0.1476139855,2,5.554386044496751,BF-NAPE,no hit
GOLPH3,-0.7471474700680298,0.016036253,3,5.906050866342161,BF-NAPE,no hit
NUP62,-0.7460797467209755,0.107798972,1,5.348415491805284,BF-NAPE,no hit
NASP,-0.7070376459926776,1.02e-5,1,5.9303064059966655,BF-NAPE,no hit
SEC61A1,-0.6879057858144814,0.067673979,1,5.6216044072270925,BF-NAPE,no hit
UMPS,-0.6879057858144814,0.158391589,1,5.327552758958656,BF-NAPE,no hit
VPS26A,-0.6819371217649961,0.1036913755,2,5.468731011539883,BF-NAPE,no hit
RPL32,-0.6532515321504249,0.0035912725,2,6.013596385033073,BF-NAPE,no hit
RNPEP,-0.643668745779052,0.116132858,1,5.378126098024871,BF-NAPE,no hit
NAPA,-0.6404880341841857,0.006275902,2,5.678156828703455,BF-NAPE,no hit
PSMA1,-0.6280617348933515,0.03387210673333334,3,6.985897729478183,BF-NAPE,no hit
FARSB,-0.6253775653426119,0.0071329825,2,6.120870854534312,BF-NAPE,no hit
ATP6V1H,-0.5829665384347489,0.282822272,1,4.955047469727417,BF-NAPE,no hit
HMOX1,-0.5782961749085199,0.0681942145,2,4.973350863145713,BF-NAPE,no hit
PRMT1,-0.5730146741254866,0.44838298833333334,3,6.060186830771797,BF-NAPE,no hit
HNRNPUL2,-0.5728923355352484,0.19522226066666667,3,6.490901436436939,BF-NAPE,no hit
SRSF7,-0.5559317801606791,0.4006818085,2,6.248117432186101,BF-NAPE,no hit
KDELR2,-0.5511878297620879,0.115229481,1,5.471819988223852,BF-NAPE,no hit
PGRMC1,-0.5493805723624995,0.49665085350000004,2,5.468469320113882,BF-NAPE,no hit
SARNP,-0.5480481222315207,0.288388906,1,5.350007205282974,BF-NAPE,no hit
AK3,-0.521632935516709,0.193439973,1,5.7944290722264205,BF-NAPE,no hit
PSMD4,-0.5195580724263286,0.33552644750000005,2,5.881660853863722,BF-NAPE,no hit
PRMT5,-0.5174605692559476,0.376332283,2,5.7631047410125555,BF-NAPE,no hit
H1-2,-0.5172539898756479,0.19714574066666668,3,7.0795842290693,BF-NAPE,no hit
CSDE1,-0.5057876863026524,0.023071393000000003,2,5.632418837350329,BF-NAPE,no hit
UQCRC2,-0.4892983016059702,0.33342071066667645,3,6.0121592614610595,BF-NAPE,no hit
WDR3,-0.48214618533243664,0.264945802,1,5.369864617610878,BF-NAPE,no hit
ATP6V1E1,-0.47828211706077384,0.203898207,2,5.669328443247028,BF-NAPE,no hit
ANP32E,-0.468725669570115,0.008053143,1,6.352847829938799,BF-NAPE,no hit
ATP5F1C,-0.46647496374519126,0.02796575,3,6.295097328053629,BF-NAPE,no hit
ADSL,-0.4625903480987935,0.0265798695,2,6.027693995027112,BF-NAPE,no hit
UGGT1,-0.4613234212075107,0.322222405,1,5.110939382923811,BF-NAPE,no hit
HSU53209; Tra2a; TRA2A,-0.4598475182236622,0.326629204,1,5.557954349089301,BF-NAPE,no hit
HDGF,-0.4554288469566572,0.010631524,1,6.4294314846420235,BF-NAPE,no hit
CTSA,-0.45475231143316935,0.222215086,2,5.672130522674948,BF-NAPE,no hit
ACSL3,-0.45428936126214753,0.025144168333333335,3,6.3759532509024215,BF-NAPE,no hit
KRT17,-0.4536000322674888,0.10686880200000001,3,8.071106231414667,BF-NAPE,no hit
PDLIM5,-0.45043137877044614,0.14919804766666667,3,5.8202841958943345,BF-NAPE,no hit
SURF4,-0.44714705130176957,0.04989834966666666,3,5.924324689659057,BF-NAPE,no hit
NOP58,-0.44466195398551456,0.24143157599999998,3,5.29269234801659,BF-NAPE,no hit
TOP1,-0.4422534582089239,0.281203052,1,5.398703938931107,BF-NAPE,no hit
DHX36,-0.4263119143399025,0.091950369,1,5.804876888377739,BF-NAPE,no hit
KPNA4,-0.4219946192251239,0.525218677,1,5.217655057795643,BF-NAPE,no hit
LOC101355212; LOC111149970; Rab1b; RAB1B,-0.4205583871096051,0.373360081,1,5.710740290570491,BF-NAPE,no hit
NANS,-0.4191235833703688,0.106614467,1,5.920693241024072,BF-NAPE,no hit
PPP1R12A,-0.4076962361725554,0.556034801,1,4.488841689088403,BF-NAPE,no hit
UTP14A,-0.4076962361725554,0.34435601,1,5.380253509898476,BF-NAPE,no hit
CLU,-0.4072232562422855,0.14864443733333332,3,5.667780816792743,BF-NAPE,no hit
RPS27,-0.40627416110335746,0.278804345,1,6.047764827574484,BF-NAPE,no hit
RALY,-0.40485348640373003,0.343522646,1,5.930509709569767,BF-NAPE,no hit
HEBP1,-0.3995030480911719,0.35615003,2,5.566111649127213,BF-NAPE,no hit
LOC101348686; Rab11b; RAB11B; RAB25,-0.39918473631703794,0.029281176,1,6.544370835969451,BF-NAPE,no hit
TAGLN,-0.39843132312374474,0.07602117399999998,3,6.575492141806077,BF-NAPE,no hit
CAPZA2,-0.3848532595536978,0.093017588500233,2,6.0698344224655685,BF-NAPE,no hit
H31_4; H3110; H315; H3c1; H3C1; H3c10; H3C10; H3c11; H3C11; H3C12; H3C2; H3C3; H3C4; H3C6; H3C7; H3c8; H3C8; HIST1H3E; LOC100761562; LOC101324316; LOC101349047; LOC101372593; LOC101827561; LOC102026529; LOC102508616; LOC102737083; LOC102839401; LOC102925535; LOC103014184; LOC103081931; LOC103123893; LOC103204632; LOC103274804; LOC103665060; LOC103728672; LOC103792196; LOC104991092; LOC105296402; LOC105858697; LOC106988055; LOC107149316; LOC109252583; LOC109375742; LOC109576630; LOC110132970; LOC110261664; LOC110308655; LOC110586608; LOC111138531; LOC111168515; LOC111541140; LOC111724948; LOC112133749; LOC112412577; LOC112623632; LOC112818031; LOC112853466; LOC112910306; LOC113264299; LOC113881951; LOC113926866; LOC114109686; LOC114484270; LOC114907303; LOC115514796; LOC115832466; LOC115945174; LOC115945193; LOC116546262; LOC116762401; LOC117802192; LOC488263,-0.38231091775264175,0.435285446,1,4.955238848138333,BF-NAPE,no hit
LOC101385100; LOC106558887; LOC106699198; LOC111539843; LOC112652766; LOC112837399; LOC112935166; LOC113184657; LOC116527237; LOC118357100; LOC718737; rpl23a; Rpl23a; RPL23A,-0.373947444818015,0.20266436,1,6.915456618273894,BF-NAPE,no hit
LGALS1,-0.368393559937219,0.2341967971666667,3,6.670348123754089,BF-NAPE,no hit
ACO2,-0.3679566514447418,0.24692032866666666,3,6.156648597984804,BF-NAPE,no hit
STAT3,-0.36790980125421097,0.35182989249999996,2,5.800276229939957,BF-NAPE,no hit
AKR1C2,-0.3646786736741632,0.10251749133333334,3,6.598112839826365,BF-NAPE,no hit
SMC1A,-0.36379200336203704,0.43165374700000003,2,6.362992535028237,BF-NAPE,no hit
CHORDC1,-0.362096778494688,0.502382955,2,6.122104520364723,BF-NAPE,no hit
CHD4,-0.3585170196427885,0.48359840349999994,2,6.179368402052452,BF-NAPE,no hit
ANXA7,-0.3518790215386812,0.004334699,1,5.9298371797532825,BF-NAPE,no hit
HSD17B4,-0.3518790215386812,0.267537056,1,6.5886943122235175,BF-NAPE,no hit
PSMB5,-0.345126105619384,0.24594347,3,5.939990715987253,BF-NAPE,no hit
ACOT7,-0.3450512991835595,0.503665163,1,5.908070733617746,BF-NAPE,no hit
CLIC4,-0.3396122916447913,0.663062741,1,5.315279639412496,BF-NAPE,no hit
PFDN5,-0.33825573767470624,0.473542363,1,5.344945658813892,BF-NAPE,no hit
LTA4H,-0.33456850347524364,0.2927376626666667,3,6.079624629617046,BF-NAPE,no hit
LOC111159418; PARVA,-0.33058950992292213,0.12498747166666667,3,6.044179599167125,BF-NAPE,no hit
LOC111162058; RBM8; Rbm8a; RBM8A,-0.33014309188738655,0.528130453,1,5.947852810153639,BF-NAPE,no hit
STK25,-0.3274489827181234,0.527573132,1,4.835414740587273,BF-NAPE,no hit
RHOA,-0.32743976554933063,0.19226116966666668,3,5.858570611856014,BF-NAPE,no hit
LOC111156567; LOC111546440; LOC112608240; rps6; Rps6; RPS6,-0.3247598951904832,0.367112551,1,6.796281393551946,BF-NAPE,no hit
FABP5,-0.3237185540282708,0.19169455766666668,3,6.577261864994942,BF-NAPE,no hit
PPT1,-0.32207581061927165,0.361435407,1,5.699359635987109,BF-NAPE,no hit
ABCF2,-0.31939671042339035,0.131564748,1,6.0876655716931225,BF-NAPE,no hit
HNRNPH2; LOC703365,-0.31805902368787903,0.616327463,1,5.7076723377335705,BF-NAPE,no hit
OTUB1,-0.3154046499240893,0.14842090000000002,2,6.180640098561714,BF-NAPE,no hit
LAS1L,-0.3113891318220242,0.552680357,1,4.863275681933226,BF-NAPE,no hit
RTRAF,-0.30796932544758254,0.39290766499999996,2,5.907650819333502,BF-NAPE,no hit
TRA2A,-0.30607533192555636,0.489064978,1,5.435194348443116,BF-NAPE,no hit
PSMB7,-0.30449160032357786,0.494508132,3,5.697246057252469,BF-NAPE,no hit
ABCE1,-0.3032143639227475,0.25629349333333334,3,5.688919198716255,BF-NAPE,no hit
DHFR,-0.30313405352679945,0.30937607666666667,3,5.992727715210869,BF-NAPE,no hit
WDR12,-0.3018355765546505,0.6786379525,2,5.07252252450559,BF-NAPE,no hit
ARF6,-0.30078103225604336,0.358078089,1,5.754059733657217,BF-NAPE,no hit
AKR1C3,-0.30058315273908276,0.167199537,3,6.702176218568229,BF-NAPE,no hit
Stxbp1; STXBP1,-0.29921839813757883,0.0783397155,2,5.940861232045507,BF-NAPE,no hit
NNT,-0.2949990383720279,0.14999344533333334,3,6.081335075123986,BF-NAPE,no hit
arf-1; arf1; Arf1; ARF1; LOC101345655; LOC101870110; LOC111139405; LOC113450412; LOC117799365; LOC118357325,-0.29419036277270305,0.498904226,1,6.766193855285202,BF-NAPE,no hit
MT-CO2,-0.2928758341706972,0.512568611,1,5.436430220444708,BF-NAPE,no hit
MAP1B,-0.29164616264557836,0.3004019443333333,3,6.101811876602392,BF-NAPE,no hit
GLRX3,-0.29154940876564195,0.28215152,3,5.932510231807532,BF-NAPE,no hit
LOC111155749; LOC112620866; U2AF1,-0.2910794965079828,0.4989075935,2,6.108239376396455,BF-NAPE,no hit
C17orf98; C9H17orf98; LOC101350060; LOC101879563; LOC107695064; LOC111151337; LOC114116858; LOC114431296; rpl23; Rpl23; RPL23; Rpl23_0; rplN,-0.29025036476387384,0.517539413,1,7.094480160335629,BF-NAPE,no hit
GSS,-0.28762966460473816,0.43283113,1,5.690733989457291,BF-NAPE,no hit
ISG15,-0.285810777055881,0.40420633500000003,2,6.030966610142465,BF-NAPE,no hit
THRAP3,-0.28240250294118874,0.752285278,1,5.3720082864004866,BF-NAPE,no hit
AHRR; PDCD6; PDCD6-AHRR,-0.28109866639434367,0.560957086,1,6.5365950846226255,BF-NAPE,no hit
ARHGAP1,-0.27977191069673046,0.4405937996666667,3,5.41629157184473,BF-NAPE,no hit
ADH5,-0.2794000886860998,0.2753151505,2,6.2211743437521925,BF-NAPE,no hit
Actr3; ACTR3; LOC101343767; LOC103069126; LOC104998468; LOC111142734,-0.27071017836822886,0.6145126,1,6.529922512847964,BF-NAPE,no hit
UQCRFS1,-0.2687916142585511,0.0434404955,2,5.677389533690496,BF-NAPE,no hit
LOC111155454; RAB2; Rab2a; RAB2A,-0.26812470269258104,0.703307868,1,5.966570826655595,BF-NAPE,no hit
COLGALT1,-0.26696067639066934,0.6575755905,2,5.494586498782302,BF-NAPE,no hit
DLST,-0.2669269057319774,0.304897411,3,6.1201544075934855,BF-NAPE,no hit
GANAB; HEL-S-164nA,-0.2668337003327057,0.639546283,1,7.0780445977356985,BF-NAPE,no hit
LOC101342486; LOC111145137; Smc3; SMC3,-0.2642551562309293,0.745006746,1,5.8122936536170045,BF-NAPE,no hit
LOC111159085; RUVBL1,-0.2642551562309293,0.199759411,1,6.673941895121089,BF-NAPE,no hit
ETFA,-0.26196076798674817,0.11119260633333333,3,6.607670863612651,BF-NAPE,no hit
SFN,-0.2616812125671029,0.884231664,1,4.953439189242789,BF-NAPE,no hit
SMARCA5,-0.26057408074364263,0.4174500523333333,3,5.601335410424244,BF-NAPE,no hit
LMNB2,-0.2587990302213025,0.668254103,2,5.639591291553551,BF-NAPE,no hit
ANP32A,-0.2569809985636189,0.25989503,3,6.40945029742965,BF-NAPE,no hit
ACTB; actg1; Actg1; ACTG1; Actg1_0; LOC100409006; LOC106548496; LOC111160249; LOC113225257,-0.2565470610956665,0.692204571,1,7.10126136394319,BF-NAPE,no hit
LOC100410631; LOC101324847; LOC101350612; LOC102744677; LOC102976099; LOC103012082; LOC103663389; LOC106990434; LOC109264103; LOC111147561; LOC111165885; LOC112409079; LOC112818500; LOC116536754; LOC706087; Rps12; RPS12,-0.2565470610956665,0.69090761,1,6.635787778504745,BF-NAPE,no hit
PPA2,-0.2522049074862695,0.237705599,2,5.510421381209762,BF-NAPE,no hit
MYO1C,-0.25184973411332756,0.29236339933333333,3,5.992891358218233,BF-NAPE,no hit
ZYX,-0.25103295653145774,0.4038603435,2,4.875706898084683,BF-NAPE,no hit
ACAD9,-0.24760602735538026,0.410023904,1,5.919281146272402,BF-NAPE,no hit
DNAJA2,-0.24548560122608826,0.7689954745,2,5.037912472756512,BF-NAPE,no hit
DNAJA1,-0.24305582501600576,0.10519552900000001,2,6.362549086344521,BF-NAPE,no hit
RAB5A,-0.24298547007636523,0.66309458,2,5.335977733525718,BF-NAPE,no hit
RPL35A,-0.242521634283648,0.256719452,1,6.347645209635706,BF-NAPE,no hit
CKB; HEL-S-29,-0.2412533308693141,0.260451612,1,7.214083663514102,BF-NAPE,no hit
LONP1,-0.24095801511047435,0.364764897,3,5.82155540141376,BF-NAPE,no hit
XPO5,-0.23761856930260639,0.560019803,2,5.441078725893665,BF-NAPE,no hit
LUC7L2,-0.23729444929898727,0.402694518,3,5.653748242863663,BF-NAPE,no hit
LOC101356704; LOC111161514; PSMC4,-0.2324062901915896,0.864404877,1,5.904399529122342,BF-NAPE,no hit
HEL-S-30; PKM,-0.23114684441899114,0.839070291,1,8.66191306881584,BF-NAPE,no hit
HNRNPR; LOC111154612,-0.22988849716007087,0.294380285,1,6.7147205066256275,BF-NAPE,no hit
LUC7L3,-0.22988849716007087,0.927980173,1,5.244716818408537,BF-NAPE,no hit
EIF2B1,-0.2297837795911587,0.09180464700000002,2,5.566125986352731,BF-NAPE,no hit
CACYBP,-0.22964617932716036,0.19043876366666665,3,6.864337159097845,BF-NAPE,no hit
KPNA3,-0.22361317173358364,0.950628873,1,5.045900461827006,BF-NAPE,no hit
SNRNP70,-0.22206422595650152,0.520506063,3,5.459067933726422,BF-NAPE,no hit
Drg1; DRG1; LOC101583311; LOC111160066,-0.22111066453041353,0.894260234,1,5.90542154471838,BF-NAPE,no hit
RUVBL1,-0.22111066453041353,0.898174128,1,6.7237986979688165,BF-NAPE,no hit
VDAC1,-0.21976706200758686,0.339738525,3,7.209437215781982,BF-NAPE,no hit
Pabpc1; PABPC1,-0.2161186351866594,0.922393118,1,6.882883612709513,BF-NAPE,no hit
LOC100458340; LOC111546096; LOC112207979; LOC112628619; LOC116533938; RPS17,-0.2148733221694241,0.934589836,1,6.860462399148146,BF-NAPE,no hit
DES,-0.21362908316096152,0.972556854,1,5.20516637180802,BF-NAPE,no hit
HEL-S-128m; PRDX6,-0.21362908316096152,0.942566881,1,7.4575215675117095,BF-NAPE,no hit
ATP2B1,-0.21277615030439867,0.797547757,2,5.448087787647826,BF-NAPE,no hit
GOT2,-0.21241938106544567,0.20796633166666667,3,6.581778261855127,BF-NAPE,no hit
GDI1,-0.21236371439397095,0.33216625,3,5.535220603722898,BF-NAPE,no hit
UBA6,-0.2121991711679852,0.3986775235,2,5.4469440121952175,BF-NAPE,no hit
TALDO1,-0.2119252182444044,0.225124305,3,6.629615790650366,BF-NAPE,no hit
NOP56,-0.21170712328253655,0.7088933405,2,5.517276330683657,BF-NAPE,no hit
HNRNPF; HNRPF,-0.21114381977136712,0.355646173,1,6.433066920998115,BF-NAPE,no hit
LOC101347799; LOC111143461; Psma5; PSMA5,-0.21114381977136712,0.918747515,1,6.07030978139378,BF-NAPE,no hit
ACTA1,-0.20975827737697356,0.6130311909999999,2,7.5112114516111275,BF-NAPE,no hit
ACO1,-0.2082683185866908,0.28936770266666667,3,6.217482029102623,BF-NAPE,no hit
PLAA,-0.20694978142767018,0.455246056,3,5.497341275586756,BF-NAPE,no hit
RPS7,-0.204985643020021,0.265493393,3,7.412656773957749,BF-NAPE,no hit
GSTP1; HEL-S-22,-0.20371361429587875,0.99934718,1,7.896851817478287,BF-NAPE,no hit
HSPA1; HSPA1A; HSPA1B; LOC113222861,-0.20371361429587875,0.380379443,1,7.636788741053489,BF-NAPE,no hit
GMPPA,-0.2012453587051291,0.998775736,1,5.28573027857794,BF-NAPE,no hit
SF1,-0.20119436545958325,0.301522505,3,6.128817423414122,BF-NAPE,no hit
CBX1,-0.19984922827015622,0.6671739480000001,2,5.239114735647088,BF-NAPE,no hit
SPR,-0.19509313172353376,0.546879951,1,5.824605665214696,BF-NAPE,no hit
ATP4A,-0.19263956813745164,0.421779704,1,6.349550406005075,BF-NAPE,no hit
HEL-S-52; WDR1,-0.19263956813745164,0.937257123,1,6.592883422279146,BF-NAPE,no hit
LOC101341456; LOC106553108; LOC111152509; LOC112622444; LOC114901775; LOC115493080; TBB7; Tubb; TUBB; Tubb5; TUBB5,-0.19263956813745164,0.932435354,1,7.972701583242123,BF-NAPE,no hit
RPS6,-0.19227672813149754,0.1094178995,2,6.782973954714361,BF-NAPE,no hit
EEF1D,-0.1902155986917702,0.6368088695,2,7.225356946290134,BF-NAPE,no hit
CTNNA2,-0.19019017019613318,0.978148037,1,5.658881678261555,BF-NAPE,no hit
S100A4,-0.19019017019613318,0.434979934,1,6.4793617902255685,BF-NAPE,no hit
PSMD2,-0.18931266115328965,0.27448629533333335,3,6.426247828184215,BF-NAPE,no hit
Phb2; PHB2,-0.18896702892669237,0.914561843,1,6.615082818811348,BF-NAPE,no hit
PLA2G4A,-0.18573545210798573,0.3552278796666667,3,6.340167837703372,BF-NAPE,no hit
TAGLN3,-0.18530381483610742,0.033826009,1,5.652323049108512,BF-NAPE,no hit
NCKAP1,-0.17921905237513017,0.989660758,1,5.036645422986378,BF-NAPE,no hit
EIF4G2,-0.17921354897376712,0.44738141733333336,3,5.8102564936604475,BF-NAPE,no hit
PRDX5,-0.17900199398244482,0.30854713300000003,3,6.828802768910981,BF-NAPE,no hit
CAT,-0.17881357235351356,0.11541015166666667,3,5.964295085585299,BF-NAPE,no hit
ELOA; LOC101356805; LOC111154778; Rpl11; RPL11,-0.17800517343024003,0.481662729,1,6.7315866702546865,BF-NAPE,no hit
Mcts1; MCTS1,-0.17679231498059012,0.98995283,1,5.6298507579240376,BF-NAPE,no hit
UBE2N,-0.17679231498059012,0.595836927,1,5.872046883802456,BF-NAPE,no hit
TXNRD1,-0.1740969694816769,0.38249344333333335,3,7.020533885097436,BF-NAPE,no hit
LOC117799543; RPL10,-0.17195105191109095,0.812148738,1,6.7227911253785475,BF-NAPE,no hit
TYMS,-0.17195105191109095,0.948374392,1,5.790193825889324,BF-NAPE,no hit
CCT5; HEL-S-69,-0.1707432703077849,0.810244642,1,7.024399787942165,BF-NAPE,no hit
KRT18,-0.1700320286503712,0.433907145,3,7.770841136698552,BF-NAPE,no hit
ATP5F1A; HEL-S-123m,-0.16953649897779094,0.516993072,1,7.724062274159444,BF-NAPE,no hit
LOC111146420; LOC111532042; LOC113248414; LOC115471989; Tubb4b; TUBB4B,-0.16953649897779094,0.799473679,1,8.222468873271126,BF-NAPE,no hit
DDX18,-0.16833073623239386,0.966896429,1,5.425373052182911,BF-NAPE,no hit
GNL3,-0.16779054206712646,0.539645636,3,5.6336625927522075,BF-NAPE,no hit
H2AX,-0.16705670858009425,0.31371274,3,7.166334575611471,BF-NAPE,no hit
ILK,-0.1659222297616722,0.964935284,1,5.560723019494539,BF-NAPE,no hit
PSMA6,-0.16566341450927435,0.449031621,3,6.418130772455276,BF-NAPE,no hit
NMT1,-0.1650139727875779,0.507511747,3,5.822978252867561,BF-NAPE,no hit
SRP9,-0.1637068692615115,0.434443825,3,6.087591745827631,BF-NAPE,no hit
GNB2,-0.16322313846500036,0.4388219803333333,3,6.314900885972146,BF-NAPE,no hit
SMC3,-0.16229153013607833,0.2857520535,2,5.889527321684009,BF-NAPE,no hit
NAMPT,-0.16216814715278416,0.546779408,3,6.113876349419642,BF-NAPE,no hit
TXN,-0.1617544461627876,0.32529137966666666,3,6.925658310187057,BF-NAPE,no hit
EIF3E,-0.16123796163535636,0.3405556903333333,3,5.820423222869635,BF-NAPE,no hit
CNN3,-0.15999579077228182,0.42576822566666667,3,5.981304589081356,BF-NAPE,no hit
CDC42,-0.1599413869695721,0.34180028949999997,2,6.351625248220292,BF-NAPE,no hit
UNC45A,-0.15752398127581113,0.949369725,1,5.389688457139748,BF-NAPE,no hit
HEL-S-89n; HSPA5,-0.15632821242087436,0.579426593,1,7.858450271146183,BF-NAPE,no hit
ERP29,-0.15489057097660913,0.3934406283333333,3,6.479174479266728,BF-NAPE,no hit
SPTBN1,-0.1546484258962666,0.6372424096666667,3,6.4792421989304945,BF-NAPE,no hit
CFL2,-0.15389939858928442,0.32693146666666667,3,5.987568822575329,BF-NAPE,no hit
LOC117799679; RPL7,-0.15155502348156707,0.697461292,1,7.155191827149327,BF-NAPE,no hit
SFXN1,-0.15155502348156707,0.921101371,1,5.007925844889898,BF-NAPE,no hit
ATXN10,-0.15121880595746856,0.3674946396666667,3,6.071523254611547,BF-NAPE,no hit
PTGES3,-0.15049789907924221,0.402764724,3,6.298443722931627,BF-NAPE,no hit
SND1,-0.1492936086000216,0.38165111566666665,3,6.914523242152778,BF-NAPE,no hit
GSR,-0.14880726631618446,0.36243108533333335,3,6.146622047331483,BF-NAPE,no hit
PPP1CB,-0.14669552058622753,0.4180396746666667,3,6.5463614186765575,BF-NAPE,no hit
RPL5,-0.14617457807896367,0.40875366333333335,3,6.464779712899128,BF-NAPE,no hit
SF3B3,-0.1454050288668735,0.4705497053333333,3,6.637238887019308,BF-NAPE,no hit
AIMP2,-0.14442472046216742,0.840959214,1,5.799605461553797,BF-NAPE,no hit
LOC101121718; LOC101342853; LOC109555393; LOC112621791; LOC112808627; LOC113899183; RPS4; Rps4x; RPS4X,-0.1432397552695635,0.640732764,1,7.003243581011308,BF-NAPE,no hit
TUBB6,-0.14155097673416445,0.44109461333333333,3,6.998897500106592,BF-NAPE,no hit
CAP1,-0.14051807868353916,0.5394931943333333,3,6.943435640137717,BF-NAPE,no hit
WARS1,-0.1402477361857224,0.44260072866666667,3,6.025222147426519,BF-NAPE,no hit
ATP2A2,-0.14001683890448818,0.427112056,3,6.640797208439704,BF-NAPE,no hit
DYNC1I2,-0.1380693095845375,0.5506963656666667,3,5.618746798610434,BF-NAPE,no hit
ARCN1,-0.13734154153764006,0.6476212530000001,2,6.2499130551887285,BF-NAPE,no hit
EBNA1BP2,-0.1367890607477597,0.36423114599999995,2,5.847244539558488,BF-NAPE,no hit
LRRC59,-0.13525443308650764,0.5650724066666667,3,6.641710929998157,BF-NAPE,no hit
HNRNPD,-0.13516456713799474,0.386247651,3,6.675104517695704,BF-NAPE,no hit
HSD17B10,-0.13400723083030364,0.4977467483333334,3,6.786017815450501,BF-NAPE,no hit
PGK1,-0.13342232336322607,0.41142456233333335,3,7.830766463389221,BF-NAPE,no hit
DDB1,-0.13209891863481465,0.525731469,3,6.167376386126555,BF-NAPE,no hit
ATP5PB,-0.13199339936928833,0.40665554266666665,3,5.361341254091715,BF-NAPE,no hit
DEPDC5; LOC113219724; YWHAH,-0.13144332780571655,0.589996466,1,6.361996873629419,BF-NAPE,no hit
RAB11B,-0.1307137313856146,0.3240454955,2,6.546263200825274,BF-NAPE,no hit
DPYSL2,-0.12985163810927314,0.5736615103333333,3,6.564531008359275,BF-NAPE,no hit
HYOU1,-0.12944340298663803,0.5176941356666667,3,6.459500199036236,BF-NAPE,no hit
SRM,-0.12932858586098878,0.5858232643333333,3,6.058854478398786,BF-NAPE,no hit
PRDX1,-0.12890045774101866,0.48224601533333333,3,7.99796077667752,BF-NAPE,no hit
PFN1,-0.12886854205808557,0.41463557733333334,3,8.034895571623576,BF-NAPE,no hit
IPO5; RANBP5,-0.12806642401175672,0.7502590769999999,2,7.028889459915031,BF-NAPE,no hit
STOM,-0.12748954938939183,0.474495193,3,6.394834420246973,BF-NAPE,no hit
H2BC17,-0.12744773584973107,0.21358175699999998,2,6.761457636769921,BF-NAPE,no hit
CYCS,-0.12679356338841097,0.22139898566666666,3,6.036067095469229,BF-NAPE,no hit
PPIB,-0.1263186412366949,0.471030626,3,7.188663245715486,BF-NAPE,no hit
FIS1,-0.12565679226892112,0.650135886,3,5.752983094164661,BF-NAPE,no hit
H2AC11; H2AC13; H2AC15; H2AC16; H2AC17,-0.12561952271932936,0.5927766765,2,7.972784464688666,BF-NAPE,no hit
KIF5B,-0.124964527900919,0.49516598500000003,3,6.3602132983461805,BF-NAPE,no hit
Etf1; ETF1; LOC101360857; LOC111140989,-0.12441149402647805,0.732945009,1,6.433820721138962,BF-NAPE,no hit
B3GALT4; LOC100189986; LOC100931606; LOC101350865; LOC111152375; LOC117798874; LOC717289; Rps18; RPS18,-0.12207514527152136,0.544210954,1,6.977262319685166,BF-NAPE,no hit
TWF2,-0.12207514527152136,0.814554278,1,5.4051792301881685,BF-NAPE,no hit
Cpsf6; CPSF6; LOC101349913; LOC111141974,-0.12094987407931812,0.5340083345,2,5.600126030928664,BF-NAPE,no hit
APEX1,-0.12072763614327214,0.4872627983333333,3,6.791949589623174,BF-NAPE,no hit
RPLP0,-0.12065729132848746,0.4758558276666667,3,7.2455406997134855,BF-NAPE,no hit
FAM62A,-0.12049064686262861,0.530306908,3,6.161629236743865,BF-NAPE,no hit
PAIP1,-0.11887909715282585,0.636698264,3,5.862776472414684,BF-NAPE,no hit
RECQL,-0.11859156450033592,0.274170215,3,6.112465954889823,BF-NAPE,no hit
GLS,-0.11781128750968811,0.509966186,3,5.922979117036478,BF-NAPE,no hit
PRDX3,-0.11745834217054202,0.37366478066666664,3,6.423405849700322,BF-NAPE,no hit
CNDP2,-0.11742549646215428,0.5962406515,2,5.633208341555472,BF-NAPE,no hit
HSPB1,-0.11731263628842231,0.45401858733333333,3,7.477299435439616,BF-NAPE,no hit
VCL,-0.11720526838540374,0.454225037,3,7.2662325053646,BF-NAPE,no hit
HEL-S-273,-0.11578528771629687,0.45032426366666667,3,6.711514397953321,BF-NAPE,no hit
BCL2L2; BCL2L2-PABPN1; LOC101332651; LOC102975296; LOC106988220; LOC109255027; LOC110585402; LOC111164107; LOC111554817; LOC112822568; LOC116541350; PABPN1,-0.1150887149554145,0.751858817,1,5.802158352473209,BF-NAPE,no hit
LARS1,-0.11347710019541951,0.37835547733333336,3,6.579538925780438,BF-NAPE,no hit
CLIC1,-0.11322843321468423,0.48815923533333333,3,6.983336522313481,BF-NAPE,no hit
FERMT2,-0.11148922227336927,0.4446810076666667,3,5.969644616696018,BF-NAPE,no hit
HMGB2,-0.11144195836790854,0.560612982,3,5.815160089757439,BF-NAPE,no hit
CSRP1,-0.11100552889040433,0.4185719663333333,3,5.977202405960517,BF-NAPE,no hit
LOC111151236; Msi2; MSI2,-0.11044982015189403,0.882872166,1,5.541438200136634,BF-NAPE,no hit
PDS5A,-0.11044982015189403,0.937501315,1,5.325552573541699,BF-NAPE,no hit
AIFM1,-0.11042808912372498,0.5625546836666667,3,6.090673171356749,BF-NAPE,no hit
ALDOC,-0.10986548467608342,0.6078295956666666,3,7.182963563490403,BF-NAPE,no hit
ATP1A1,-0.10889186081848701,0.525234031,3,6.76828658102696,BF-NAPE,no hit
EHD4,-0.10813595431364759,0.82839021,1,5.375470767258464,BF-NAPE,no hit
H1-3,-0.10713348285665014,0.2648566165,2,7.509706517537268,BF-NAPE,no hit
FLNA,-0.10691132624863364,0.49298139333333335,3,8.172694007630284,BF-NAPE,no hit
PPP2R2A,-0.1059907400361777,0.521370912,3,5.397423193990801,BF-NAPE,no hit
ATP5F1B; HEL-S-271,-0.10582579362644651,0.829405755,1,7.755258778819366,BF-NAPE,no hit
EIF3C; EIF3S8,-0.10467209901007624,0.460409778,1,6.30594510835204,BF-NAPE,no hit
RPL9; RPL9P7; RPL9P8; RPL9P9,-0.10234327653183922,0.5885197466666666,3,6.919969744754188,BF-NAPE,no hit
CTNNA1,-0.10075004534690579,0.616597177,3,6.272358811565736,BF-NAPE,no hit
RPL38,-0.10019614748057509,0.409466282,2,6.6376472249637075,BF-NAPE,no hit
MTHFD1,-0.1000532268426707,0.554656541,3,6.786777098480066,BF-NAPE,no hit
RAB2A,-0.09938535521323771,0.4403274405,2,5.9880408122245,BF-NAPE,no hit
PYGL,-0.09847471996057233,0.33268353,3,5.9391908590372875,BF-NAPE,no hit
DCTN1,-0.09776923875538823,0.781024651,1,5.539657742933174,BF-NAPE,no hit
CFL1,-0.09766177220532085,0.528743433,3,7.863765866082227,BF-NAPE,no hit
EIF2S3; LOC116549357,-0.09662196629660669,0.875098415,1,6.037036927662631,BF-NAPE,no hit
WDR82,-0.09662196629660669,0.905044258,1,5.756504673434917,BF-NAPE,no hit
IDH1,-0.09582924020017652,0.5799137636666667,3,6.791186471769079,BF-NAPE,no hit
HADHA,-0.09412028464517419,0.5765009036666666,3,6.772167549306128,BF-NAPE,no hit
TUBA4A,-0.09376966714129725,0.540614131,3,7.035490620268789,BF-NAPE,no hit
SDHA,-0.09318561284767618,0.890710815,1,6.563369167526186,BF-NAPE,no hit
ST13,-0.09089270966854474,0.591671337,3,6.462408324001083,BF-NAPE,no hit
HMGB1,-0.09016960073669533,0.5477423743333333,3,6.291583752022548,BF-NAPE,no hit
H1-5,-0.09014795867491593,0.579343553,3,6.962353339114593,BF-NAPE,no hit
RPL27A,-0.08857065225080829,0.578996268,3,6.717236346923206,BF-NAPE,no hit
RPLP1,-0.08841728687209532,0.4025494365,2,6.032753298782335,BF-NAPE,no hit
RPL4,-0.08827437670884969,0.5933183003333333,3,7.121826626505315,BF-NAPE,no hit
PPP2R1A,-0.08788833409953489,0.582030436,3,6.722581235167621,BF-NAPE,no hit
MYH9,-0.08754328173622905,0.6006170983333333,3,7.641708772421988,BF-NAPE,no hit
PRPF19,-0.08433732966747787,0.6604577353333333,3,5.9543321752210865,BF-NAPE,no hit
GCN1,-0.08381664216939538,0.511154561,3,6.593832348275167,BF-NAPE,no hit
GART,-0.08341380838997559,0.5939770316666667,3,6.571795651133,BF-NAPE,no hit
EPRS1,-0.08288285124270084,0.650994952,3,6.501844777855504,BF-NAPE,no hit
CNN2,-0.08259004221133454,0.5551864385,2,5.828445565819648,BF-NAPE,no hit
DDX19B,-0.0825161629419528,0.671519288,3,5.668800219047158,BF-NAPE,no hit
PSPC1,-0.082083289945793,0.5520484059999999,2,5.775230683882823,BF-NAPE,no hit
SRSF3,-0.08195385164454688,0.20155045733333335,3,6.370707907094553,BF-NAPE,no hit
PA2G4,-0.08085867344756725,0.578554927,3,6.693676713092113,BF-NAPE,no hit
HEL-S-269; PDIA3,-0.08065521789154051,0.960951646,1,7.133856163693997,BF-NAPE,no hit
UGP2,-0.08065521789154051,0.708876131,1,5.636108287006654,BF-NAPE,no hit
ENO1,-0.07749765471454712,0.6240898986666666,3,8.509752619730639,BF-NAPE,no hit
BUB3,-0.07741863506824198,0.5114531133333333,3,6.279987416840374,BF-NAPE,no hit
PPP2CB,-0.0772566414296757,0.633193443,1,5.803124737848961,BF-NAPE,no hit
TPI1,-0.07712024615693053,0.6004247623333333,3,7.802838322783462,BF-NAPE,no hit
QARS1,-0.07636261543471312,0.6016106760000001,3,6.250272886488916,BF-NAPE,no hit
PLS3,-0.07620926820476803,0.6269968816666667,3,7.245987659216589,BF-NAPE,no hit
PFAS,-0.07534963290204505,0.27712196066666667,3,5.6692579253821584,BF-NAPE,no hit
YWHAZ,-0.07443247777391604,0.609751295,3,7.323966216342939,BF-NAPE,no hit
HSPE1,-0.0732932294254765,0.519986082,3,7.037289517033277,BF-NAPE,no hit
PSMD3,-0.07291489566087944,0.427920941,3,6.1687516713538475,BF-NAPE,no hit
PEDS1-UBE2V1,-0.072737624294259,0.618588415,1,6.046565334098561,BF-NAPE,no hit
CAPZA1,-0.07164658585826422,0.6238038746666666,3,6.731789014956448,BF-NAPE,no hit
RAD23B,-0.07088892275105785,0.213304336,3,5.584989433004183,BF-NAPE,no hit
U2AF2,-0.07067320722594367,0.666193257,3,6.787317330093344,BF-NAPE,no hit
RSL1D1,-0.06991302540094496,0.388584078,3,6.219317517717158,BF-NAPE,no hit
EEF1B2,-0.06929626713870363,0.44504685633333335,3,7.062771271163319,BF-NAPE,no hit
SLC25A11,-0.06895531153408124,0.488712461,3,5.679986021904516,BF-NAPE,no hit
LRRC47,-0.06856813919493804,0.6101560656666667,3,5.576511809012676,BF-NAPE,no hit
ANXA5; HEL-S-7,-0.0682327180862135,0.311390043,1,7.606701546008727,BF-NAPE,no hit
KRT7,-0.06759335399296823,0.684401875,3,8.051264886246443,BF-NAPE,no hit
CDK2,-0.06598552909465555,0.981221611,1,6.069531780668567,BF-NAPE,no hit
SUB1,-0.06488270710035066,0.5843057946666667,3,6.821605276817735,BF-NAPE,no hit
ACTN1,-0.0640515414249267,0.5073147355000001,2,7.032270073765205,BF-NAPE,no hit
SLC25A5,-0.06398185799787703,0.6746616496666666,3,7.131404875129697,BF-NAPE,no hit
RPS14,-0.06365442022524243,0.469334368,3,6.753424721038596,BF-NAPE,no hit
EPHX1,-0.06155157081093887,0.5907240956666667,3,6.381273805866879,BF-NAPE,no hit
CAPRIN1,-0.061286297450030836,0.6125982283333333,3,6.200466457690424,BF-NAPE,no hit
FUS,-0.05875204357373781,0.6987310573333334,3,6.578907873623369,BF-NAPE,no hit
PFDN2,-0.05814781848197098,0.118435242,1,5.447583150746923,BF-NAPE,no hit
RAVER1,-0.05814781848197098,0.95399702,1,5.064703351320977,BF-NAPE,no hit
XRCC6,-0.0578205382778208,0.5940497556666666,3,7.466566228621171,BF-NAPE,no hit
DSTN,-0.05781504425675432,0.6389522483333333,3,6.507609691883285,BF-NAPE,no hit
PGAM1,-0.057109375128288564,0.464982558,3,6.909587512132293,BF-NAPE,no hit
SLC1A5,-0.05668179193769751,0.187290116,3,6.321275409139639,BF-NAPE,no hit
SRP72,-0.055903097885906694,0.6477812396666667,3,5.468605095077668,BF-NAPE,no hit
CNBP,-0.05481854169893513,0.2546082136666667,3,5.749829383687472,BF-NAPE,no hit
SBDS,-0.05480179060197976,0.121547816,1,5.787826534808149,BF-NAPE,no hit
TRAP1,-0.05346334582126083,0.7354678013333333,3,6.7172979430229365,BF-NAPE,no hit
EIF3J,-0.053368714102309145,0.1619892395,2,5.336422488297472,BF-NAPE,no hit
RPL24,-0.05300154312053801,0.610410916,3,6.794329230173807,BF-NAPE,no hit
HSP90B1,-0.05283594142217374,0.7183246453333334,3,7.535382631633478,BF-NAPE,no hit
Hnrnph3; HNRNPH3; HNRPH3; LOC111145360,-0.05257540892419654,0.888652409,1,6.24684439064323,BF-NAPE,no hit
HSPD1,-0.05218658540233606,0.648042246,3,8.147344309415924,BF-NAPE,no hit
LDHB,-0.05213128149227969,0.700380051,3,7.885016550359738,BF-NAPE,no hit
PCBP1,-0.05154513797334087,0.283189504,3,6.844773251168755,BF-NAPE,no hit
IFI35; LOC101357529; LOC101881107; LOC103009022; LOC110297769; LOC110584085; LOC111151503; LOC111538076; LOC112814435; Rpl27; RPL27; Rpl27_0; Rpl27_1; RUNDC1,-0.05146350517675735,0.887351368,1,6.704337264593977,BF-NAPE,no hit
ACAT1,-0.051383439361753824,0.5884057496666667,3,5.809056579466688,BF-NAPE,no hit
EIF2S1,-0.050691743587430504,0.664390179,3,6.5878619549303314,BF-NAPE,no hit
HADHB,-0.050494936758622155,0.48808588366666666,3,5.952777206851685,BF-NAPE,no hit
XPO1,-0.0497990549262769,0.6469398213333334,3,6.630061485032016,BF-NAPE,no hit
PSME3,-0.049576979860255777,0.5616935089999999,2,6.004349860093927,BF-NAPE,no hit
CTNNBL1,-0.04924226526007902,0.925549675,1,5.14912260816839,BF-NAPE,no hit
GSTP1,-0.04846584746495364,0.39391526450000003,2,7.683927407489637,BF-NAPE,no hit
LARP1,-0.04778177679169032,0.40931857633333335,3,4.928479687087234,BF-NAPE,no hit
FASN,-0.04720478731298683,0.7478351396666667,3,7.98859757614337,BF-NAPE,no hit
ANXA3,-0.04709849578592423,0.539218027,3,7.219474455636428,BF-NAPE,no hit
RDX,-0.045873931964661496,0.225423814,3,6.321861608480044,BF-NAPE,no hit
DHX15,-0.045259515998093525,0.7909029133333333,3,6.521839450705433,BF-NAPE,no hit
XPO7,-0.044810018944818286,0.132841922,1,5.327003657619867,BF-NAPE,no hit
UBLCP1,-0.04460303013318495,0.292933991,2,5.5343412807599845,BF-NAPE,no hit
ACAA2,-0.04405050969085922,0.06346996966666667,3,5.958407385972975,BF-NAPE,no hit
RRM1,-0.04359923644590957,0.6476918726666666,3,6.6247166461987606,BF-NAPE,no hit
RPL8,-0.04321696738879227,0.7332721343333334,3,6.879310193029797,BF-NAPE,no hit
WDR1,-0.042598991629465066,0.839944799,1,6.666380325859549,BF-NAPE,no hit
TWF1,-0.041918752295648065,0.25268651733333336,3,5.6669618150198495,BF-NAPE,no hit
ACAT2,-0.041527803848689426,0.43309808566666663,3,6.6450898088886845,BF-NAPE,no hit
TARS1,-0.04141685965656805,0.7659965596666667,3,7.375975105074928,BF-NAPE,no hit
RPL23A,-0.04127477666267393,0.41456150300000005,2,6.8409025090975835,BF-NAPE,no hit
AK1,-0.04039134767781333,0.824347346,1,6.706848684219508,BF-NAPE,no hit
TAGLN2,-0.04015434305800086,0.7804028266666667,3,7.3042321295723065,BF-NAPE,no hit
PRDX2,-0.039679791724131275,0.6239015903333334,3,7.263365268349875,BF-NAPE,no hit
HEL-S-69,-0.03928879123065521,0.81863777,1,6.857100047600877,BF-NAPE,no hit
RPS4X,-0.0391545099390504,0.5499006015,2,7.043536730808544,BF-NAPE,no hit
EZR,-0.038974231403775705,0.734813907,3,7.15877667479161,BF-NAPE,no hit
LOC101355253; LOC101873442; LOC106991292; LOC111143350; LOC113929150; Rbbp4; RBBP4,-0.03818707675108324,0.217842497,1,6.594952183429608,BF-NAPE,no hit
AKR1B1,-0.03798543013098671,0.773592127,3,6.7873117971556285,BF-NAPE,no hit
STRAP,-0.03776248390841358,0.7334698443333333,3,6.283524716734916,BF-NAPE,no hit
PPM1G,-0.03648208772706907,0.506195807,2,5.606848388651375,BF-NAPE,no hit
EEF1A1,-0.036028774943692554,0.788235782,3,8.211646296492741,BF-NAPE,no hit
Pfn2; PFN2,-0.03598616855781217,0.498828311,1,5.8722349632766235,BF-NAPE,no hit
SEPTIN11,-0.03523437741346175,0.7556980516666667,3,5.872417545060236,BF-NAPE,no hit
ACTR2,-0.03458984046227365,0.38907972566666665,3,6.248059765200389,BF-NAPE,no hit
PSMD11,-0.03386906170944942,0.7946536463333334,3,6.663199405861894,BF-NAPE,no hit
ECHS1,-0.032960403961662554,0.6191784196666666,3,6.265894933744115,BF-NAPE,no hit
BTF3,-0.032706556074226956,0.20506343300000002,3,6.953583923585269,BF-NAPE,no hit
DDX1,-0.03234024972537303,0.8045075996666666,3,6.123722498660595,BF-NAPE,no hit
G3BP2,-0.03219776837526045,0.319194493,2,5.81075602988953,BF-NAPE,no hit
MCM2,-0.03212799076987777,0.6543351903333333,3,6.597754793358525,BF-NAPE,no hit
CSE1L,-0.03141974277862264,0.6348182576666667,3,6.972676301354991,BF-NAPE,no hit
IPO7,-0.03132952747545242,0.672067311,3,6.759340523078288,BF-NAPE,no hit
ARF1,-0.031221296686907152,0.430982674,2,6.963427071632698,BF-NAPE,no hit
CCT2; HEL-S-100n,-0.030498542919381588,0.774915507,1,7.216630602915611,BF-NAPE,no hit
RPS2,-0.02889108776730759,0.7259526053333333,3,7.118101368781494,BF-NAPE,no hit
YWHAE,-0.02854378358287435,0.8416199916666667,3,7.652979487120229,BF-NAPE,no hit
HNRNPAB,-0.02795076919461842,0.6261681313333333,3,6.790905317396866,BF-NAPE,no hit
RPS8,-0.02715679870418153,0.763079956,3,7.124144226826221,BF-NAPE,no hit
YWHAB,-0.02706849528468913,0.617002919,3,7.047764674063324,BF-NAPE,no hit
PSMA7,-0.02576236562101636,0.6183008956666667,3,6.860756241625029,BF-NAPE,no hit
CKB,-0.025314497293013383,0.7614321625,2,7.1661950092747215,BF-NAPE,no hit
PSMB1,-0.025303433623965754,0.408284619,3,6.488864862900588,BF-NAPE,no hit
FKBP4,-0.02444592515142907,0.46401354433333336,3,6.769818356657349,BF-NAPE,no hit
CAD,-0.024306104888423774,0.552549465,3,6.65436865084122,BF-NAPE,no hit
SEC13,-0.02300172433856379,0.33656874033333334,3,5.887697908505222,BF-NAPE,no hit
HEL-S-97n; PRDX4,-0.02285076636867811,0.739275304,1,6.4312362669866765,BF-NAPE,no hit
IQGAP1,-0.022500712883909035,0.7189994253333334,3,7.306241945101088,BF-NAPE,no hit
HPRT1,-0.021219819431365028,0.5692433473333334,3,6.465417474195857,BF-NAPE,no hit
RARS1,-0.020539735904209988,0.652903897,3,6.27371047239765,BF-NAPE,no hit
CAPNS1,-0.02017180229075488,0.635087482,3,6.091408151874434,BF-NAPE,no hit
SF3A3,-0.020136260194904998,0.487834166,3,5.931182850726447,BF-NAPE,no hit
ARL6IP1; LOC101112339; LOC101344110; LOC101585542; LOC102729744; LOC102834622; LOC103069695; LOC103251525; LOC109392063; LOC111156074; LOC112624243; LOC112915184; LOC113925746; LOC114112986; Rps15a; RPS15A; Rps15a_0; SMG1,-0.019585517805702612,0.171390036,1,6.832580130395239,BF-NAPE,no hit
RPL23,-0.018733968762122244,0.5028094695,2,7.00429830740317,BF-NAPE,no hit
KHDRBS1,-0.018542507910993766,0.4843217853333333,3,6.512718972248766,BF-NAPE,no hit
LOC101352229; LOC111144137; TMEM113; Wdr82; WDR82,-0.01741278389972145,0.358149202,1,5.9876580827322226,BF-NAPE,no hit
ALDOA,-0.01685617752735652,0.6730348003333334,3,7.935125472795598,BF-NAPE,no hit
NUDT5,-0.016414706085779496,0.5837708546666667,3,5.951379775244863,BF-NAPE,no hit
RPS12,-0.016113990163403258,0.477806497,2,6.72349354426969,BF-NAPE,no hit
PPIA,-0.016042243171179915,0.7117443605,2,7.916883931023038,BF-NAPE,no hit
SLC3A2,-0.01566023904915481,0.6548977653333333,3,7.586104449257402,BF-NAPE,no hit
RPS3,-0.015170314983876165,0.7174282536666666,3,7.403422329223398,BF-NAPE,no hit
EIF3M,-0.014769435108332618,0.5785566406666667,3,6.17242595453569,BF-NAPE,no hit
SERPINB6,-0.014159806104633688,0.695412536,1,6.4301088775795945,BF-NAPE,no hit
DLD,-0.013999321494369,0.451031586,3,6.320249501071813,BF-NAPE,no hit
SF3B2,-0.013681037257901818,0.7767868166666666,3,5.973726729827005,BF-NAPE,no hit
HNRNPR,-0.013245601552040409,0.503332097,2,6.904847544681799,BF-NAPE,no hit
PSMA5,-0.012580788647177321,0.5709743655,2,6.022501343643563,BF-NAPE,no hit
PGD,-0.012528367391430706,0.8979274593333333,3,7.101505070491093,BF-NAPE,no hit
TCP1,-0.011660610630674306,0.7289705086666667,3,6.939819804576381,BF-NAPE,no hit
RPS15,-0.009624852556187724,0.27628754466666666,3,6.452678142247406,BF-NAPE,no hit
SERBP1,-0.00933615221811096,0.504636079,2,6.369694749823098,BF-NAPE,no hit
GOT1,-0.008705582175210502,0.48236249366666667,3,6.519442273083649,BF-NAPE,no hit
CRTAP,-0.007987669945064224,0.6069645053333333,3,5.570825476260741,BF-NAPE,no hit
PEBP1,-0.007541591238549861,0.7849849873333333,3,6.746242574069102,BF-NAPE,no hit
PGM1,-0.006467424689216794,0.735897787,3,6.31422990253182,BF-NAPE,no hit
LMNA,-0.006168690678415523,0.8594740783333333,3,7.664847674159186,BF-NAPE,no hit
SEPTIN9,-0.005943036528811174,0.23459017533333335,3,6.041479905419888,BF-NAPE,no hit
RPL28,-0.0058703997404386254,0.46570684166666665,3,6.085460540746468,BF-NAPE,no hit
ANXA2,-0.0055286426935213795,0.7121849596666667,3,8.06327581707681,BF-NAPE,no hit
DDX17,-0.005277595757305631,0.347186894,3,6.649333141979665,BF-NAPE,no hit
P4HB,-0.005112455302533403,0.9194718236666667,3,7.294368814302064,BF-NAPE,no hit
ARL3,-0.005083921144105774,0.3008418093333333,3,5.8505613446531965,BF-NAPE,no hit
EEF2,-0.004036014797313914,0.9360474806666667,3,7.807244697252315,BF-NAPE,no hit
ARPC3,-0.0033554947493769083,0.5582602066666666,3,6.015968237948982,BF-NAPE,no hit
G3BP1,-0.002899519829092201,0.573081387,3,6.615217136696011,BF-NAPE,no hit
SNRPD1,-0.002829896391800424,0.8647256496666667,3,6.402141002275053,BF-NAPE,no hit
RPL21,-0.0027118395913162674,0.812906889,2,6.3630580791142215,BF-NAPE,no hit
CBR1,-0.002463491809970575,0.536917596,3,6.918000502474184,BF-NAPE,no hit
IPO4,-0.0022352433416986117,0.43269396,3,5.23766292252009,BF-NAPE,no hit
NQO1,-0.0021805394417573343,0.7314291213333334,3,6.957254046130942,BF-NAPE,no hit
CALD1,-0.0015730277596782138,0.39432928733333333,3,6.588606216470286,BF-NAPE,no hit
EIF3C,-0.0012207503971355393,0.631280683,1,6.195706428883893,BF-NAPE,no hit
SUPT16H,-0.0011910668217409714,0.013773199666666668,3,6.06847249162241,BF-NAPE,no hit
DDX3X,-0.0011629489810957017,0.6097961623333333,3,6.890815857872915,BF-NAPE,no hit
TUFM,-9.625399329652451e-4,0.7292840143333333,3,7.130331907565973,BF-NAPE,no hit
ANP32B,-6.566061322771377e-5,0.628264992,3,6.869721979054323,BF-NAPE,no hit
DDOST,6.566061322771377e-5,0.7020141626666667,3,6.659267625143859,BF-NAPE,no hit
HAT1,1.275362153432824e-4,0.761208154,3,6.1129537987286175,BF-NAPE,no hit
GARS1,3.0230028574801393e-4,0.517943074,3,6.523849982433373,BF-NAPE,no hit
RACK1,3.584760698250866e-4,0.543533687,3,7.278295807814054,BF-NAPE,no hit
YWHAG,4.188809947163752e-4,0.776665273,3,6.996233713353741,BF-NAPE,no hit
PARK7,0.0010038276238313326,0.6654530316666667,3,7.051904713498519,BF-NAPE,no hit
CLTC,0.0014568586837811481,0.9648717130000001,3,7.683308230339699,BF-NAPE,no hit
AHCY,0.002815511196284981,0.800698278,3,6.942171799511784,BF-NAPE,no hit
ATP5PO,0.002842397548339537,0.9062408866666667,3,6.633753939268753,BF-NAPE,no hit
ACTR3,0.002923285265221287,0.3418136765,2,6.464299587085618,BF-NAPE,no hit
IQGAP2,0.0031039228284164833,0.4236759955,2,5.711179077157532,BF-NAPE,no hit
NACA,0.0036454109047954764,0.6046294600000001,3,6.716997449718319,BF-NAPE,no hit
RPS23,0.0038680550775920808,0.7961391685000001,2,6.475688795994249,BF-NAPE,no hit
MDH2,0.004065435721983535,0.744275687,3,7.225125897325719,BF-NAPE,no hit
RPL17-C18orf32,0.004719596066328435,0.760545621,3,6.847424233280407,BF-NAPE,no hit
RPS17,0.005174249797003427,0.5475073865,2,6.824573619744124,BF-NAPE,no hit
RPL11,0.00564788873119676,0.779884272,2,7.015959262103078,BF-NAPE,no hit
SAE1,0.005731298402188945,0.479277144,3,5.720966622500849,BF-NAPE,no hit
TUBA1A,0.005759693815628575,0.682050697,3,7.0352548141080415,BF-NAPE,no hit
CCT6A,0.006717380194334932,0.5013388616666666,3,7.0557021449670545,BF-NAPE,no hit
GNAS,0.008050508927106736,0.484005716,3,5.309889050328135,BF-NAPE,no hit
CCT4,0.008694060900394207,0.8724807293333333,3,7.235324260814182,BF-NAPE,no hit
CKAP4,0.008953990194180306,0.249767286,3,6.612216079361785,BF-NAPE,no hit
PSMD6,0.010910929672987069,0.43892176450000003,2,6.06612042280322,BF-NAPE,no hit
GPI,0.010939955567599524,0.8814682536666667,3,7.161926006535609,BF-NAPE,no hit
ERLIN1,0.01154051823841623,0.674334974,2,5.483057242692237,BF-NAPE,no hit
COPG1,0.011638215130099383,0.36364673433333333,3,5.862278829589349,BF-NAPE,no hit
GNAI3,0.011926580440511814,0.39405455133333334,3,6.091921571749389,BF-NAPE,no hit
Eif5a; EIF5A; LOC101358224; LOC111161197; LOC117799153; LOC496181,0.012432385380820032,0.778610546,3,7.350474200870447,BF-NAPE,no hit
KPNA2,0.017660442098771267,0.7394074093333334,3,6.663168783616893,BF-NAPE,no hit
CAND1,0.018290231795338452,0.7096374609999999,3,6.590072032484329,BF-NAPE,no hit
PRDX6,0.018357680938251575,0.6098489435000001,2,7.499346425411236,BF-NAPE,no hit
RUVBL2,0.01839127050856937,0.722831727,3,6.548476057853099,BF-NAPE,no hit
RPS25,0.018697337586915663,0.4961971846666667,3,6.892398974356451,BF-NAPE,no hit
HEL-S-69p; LOC111554934; LOC117799495; PPIA,0.019031673629313572,0.539804327,1,7.890419031102625,BF-NAPE,no hit
HSPA1A,0.019065453805886923,0.564909655,2,7.401660800782371,BF-NAPE,no hit
PSMD5,0.0200206620643828,0.7466520716666667,3,6.141594003919303,BF-NAPE,no hit
SMU1,0.020089755848276658,0.223486815,1,5.191783498605598,BF-NAPE,no hit
TXNDC5,0.020158181097158778,0.226382482,3,6.100079942968605,BF-NAPE,no hit
HSPA8,0.020387543127399488,0.706488407,3,8.070491612642181,BF-NAPE,no hit
YBX1,0.02058455797464126,0.44911539733333333,3,6.331056015645088,BF-NAPE,no hit
ANXA1,0.020856830976380802,0.583494975,3,7.495009525680765,BF-NAPE,no hit
GSTM3,0.02181150583507463,0.6546392520000001,3,6.642766190521742,BF-NAPE,no hit
Dnaja1; DNAJA1; LOC109263810; LOC111146318; LOC112645844; LOC112809310,0.022203595114194674,0.523891885,1,6.292738744483108,BF-NAPE,no hit
PSMC4,0.022987160418032115,0.6955270204999999,2,6.004508347569423,BF-NAPE,no hit
DSG2,0.02325935443016408,0.531152271,1,5.351847560087834,BF-NAPE,no hit
ACTB,0.02338336137112612,0.8810305776666667,3,8.749006967182007,BF-NAPE,no hit
LASP1,0.02448071702013377,0.381584836,3,6.054102893733622,BF-NAPE,no hit
EIF3H,0.024863404380518817,0.30295132950000003,2,5.437031422847683,BF-NAPE,no hit
TGM2,0.024944042554972512,0.8280169606666666,3,6.591261607795748,BF-NAPE,no hit
H2afy; H2AFY; LOC100466888; LOC101338325; LOC101381952; LOC101564704; LOC102987354; LOC103079324; LOC103663804; LOC105869993; LOC106989149; LOC109250833; LOC110591142; LOC111141291; LOC111182462; LOC112404331; LOC112625777; LOC112815157; LOC112861289; LOC112917035; LOC113261754; LOC113928700; LOC114891795; LOC115516119; LOC116529369; LOC116750637; MACROH2A1,0.025368558082003667,0.508260841,1,6.035566196887152,BF-NAPE,no hit
TPM3,0.02588928563408005,0.5993777220000001,3,6.61485656494018,BF-NAPE,no hit
NCL,0.02606886069883818,0.9175795296666667,3,7.62374373328675,BF-NAPE,no hit
ATAD3A,0.026129644199153146,0.851990516,3,6.173082691401669,BF-NAPE,no hit
RPS3A,0.026995260855107783,0.699259297,3,6.989041216940528,BF-NAPE,no hit
CAPZB,0.027348411625835845,0.9314939529999999,2,6.49263209345321,BF-NAPE,no hit
RBM14,0.027882129947019663,0.5042299035,2,6.000734320389434,BF-NAPE,no hit
RAP1A,0.02852659299691651,0.494634896,1,6.537245195568765,BF-NAPE,no hit
XRCC5,0.028715931993001098,0.6915546186666667,3,7.373407943219657,BF-NAPE,no hit
MYL6,0.0296141778779202,0.08609691866666666,3,5.937226041596268,BF-NAPE,no hit
ILF2,0.029826036284577417,0.637989522,3,6.992692060132919,BF-NAPE,no hit
RANBP6,0.029854340997410078,0.422879835,2,5.526613053753355,BF-NAPE,no hit
AARS1,0.03005568969532524,0.721474461,3,6.682030519121439,BF-NAPE,no hit
GAPDH,0.030572868352420512,0.7515087603333334,3,8.652152463925168,BF-NAPE,no hit
SRSF2,0.030636806411802886,0.7593471533333334,3,6.049819149938219,BF-NAPE,no hit
EFTUD2,0.03080005090250354,0.6212244126666666,3,6.351945551882671,BF-NAPE,no hit
SCP2,0.030959697669927733,0.9095357755,2,5.665274816285914,BF-NAPE,no hit
CCT7,0.031374762891764274,0.8565685813333334,3,7.048007950791153,BF-NAPE,no hit
PSMB3,0.031951647179173426,0.5923689713333333,3,6.445904698732924,BF-NAPE,no hit
RBBP7,0.03222760937416902,0.49678260966666665,3,5.687282422414205,BF-NAPE,no hit
NSUN2,0.03308035599522502,0.7310089903333333,3,6.664011786166138,BF-NAPE,no hit
TLN1,0.03355297361493487,0.8696186766666667,3,7.616387729603679,BF-NAPE,no hit
LOC100015376; LOC100915652; LOC101357547; LOC101877268; LOC110136911; LOC110222708; LOC111148316; LOC118903051; Rps23; RPS23,0.03377467095906822,0.47641352,1,6.550524270149647,BF-NAPE,no hit
EEF1G,0.033858004520071816,0.7476184316666666,3,7.345395141958327,BF-NAPE,no hit
PSMG1,0.0342201608340566,0.42709595733333333,3,5.642049978518256,BF-NAPE,no hit
RPS26,0.034299894166713696,0.49800916,3,6.508854235672841,BF-NAPE,no hit
CS,0.03466264345088138,0.6650608113333334,3,6.427011303289363,BF-NAPE,no hit
ATIC,0.03471191259918038,0.8313065473333333,3,7.0923120451115915,BF-NAPE,no hit
H2AZ1,0.03547087616814815,0.6468656366666666,3,7.511032459439684,BF-NAPE,no hit
TNPO1,0.03560604340913298,0.749903067,3,6.701623600198986,BF-NAPE,no hit
AKR1A1; HEL-S-165mP,0.035868568338084494,0.382342717,1,5.652019492318774,BF-NAPE,no hit
DDX5,0.03613165420644421,0.4165754583333333,3,6.760648906121672,BF-NAPE,no hit
PAICS,0.038610460383937284,0.5514491893333333,3,6.935702059132403,BF-NAPE,no hit
ARPC1B,0.03898684318909351,0.7493682653333333,3,5.832408151106353,BF-NAPE,no hit
TPR,0.039765270681373976,0.522824972,3,6.124455103524418,BF-NAPE,no hit
KPNB1,0.03992127759498176,0.8413657033333333,3,7.250745663743355,BF-NAPE,no hit
SRPRB,0.03992994059600363,0.3934285786666667,3,5.52008144277471,BF-NAPE,no hit
LOC101348422; LOC112933574; Rplp1; RPLP1,0.04004726797459829,0.311470886,1,5.82259702399756,BF-NAPE,no hit
HSPA9,0.04021904037923668,0.6321821216666667,3,7.493625593325755,BF-NAPE,no hit
DYNC1H1,0.04037273172374445,0.6103074103333334,3,6.9625178843932645,BF-NAPE,no hit
ACTL6A,0.0410659520995173,0.5973386270000001,2,5.643375850745795,BF-NAPE,no hit
HSPA4,0.04115289822882445,0.6589552026666667,3,6.9892090912289335,BF-NAPE,no hit
HSP90AB1,0.041156616857469075,0.8108234719999999,3,7.894233324179075,BF-NAPE,no hit
YWHAQ,0.04127473392164621,0.727121896,3,6.996238327858659,BF-NAPE,no hit
NAT10,0.0421320877606548,0.501083581,1,5.354038157887978,BF-NAPE,no hit
RPL27,0.04219262918685601,0.9013970330000001,2,6.755285367700711,BF-NAPE,no hit
TUBB3,0.043147722537448474,0.183817621,3,6.48480586240676,BF-NAPE,no hit
PRKDC,0.044372978171173416,0.49858686933333335,3,7.25150990806664,BF-NAPE,no hit
SAR1A,0.044543245632320594,0.3163591463333333,3,6.221087771774554,BF-NAPE,no hit
RPSA,0.044640986945005845,0.7677858923333333,3,7.234192081230913,BF-NAPE,no hit
ELAVL1,0.044772376821074655,0.37808199066666665,3,6.349195300128068,BF-NAPE,no hit
PTBP1,0.04492554325854392,0.5688736793333333,3,7.1403799221439845,BF-NAPE,no hit
PPA1,0.0457243024469598,0.30351300433333334,3,6.3195727639630626,BF-NAPE,no hit
MYL12A,0.04602485382629312,0.6375262476666667,3,6.7732308853117855,BF-NAPE,no hit
EIF3G,0.04622710845606337,0.551496839,3,6.093359539106331,BF-NAPE,no hit
DHX9,0.04655212933863734,0.5707260016666666,3,7.0779599920735405,BF-NAPE,no hit
HNRPA1,0.04733860281468927,0.6481791753333334,3,7.488507935352885,BF-NAPE,no hit
RAB5C,0.04783800176388703,0.40854820366666666,3,6.573679280854258,BF-NAPE,no hit
PDIA3,0.04826376348992706,0.8172258205,2,7.066500551356014,BF-NAPE,no hit
EGR_10954; H4; H4-16; H4-I; H4-II; H4-III; H4-IV; H4-V; H4-VI; H4-VII; h4.a; H4c1; H4C1; h4c1.L; H4c11; H4C11; H4c12; H4C12; H4C13; H4c14; H4C14; H4C15; H4c2; H4C2; h4c3; H4c3; H4C3; H4c4; H4C4; H4C5; H4c6; H4C6; H4c8; H4C8; H4c9; H4C9; H4f16; HIST1H4D; hist1h4l; HIST1H4L; Hist1h4m; HIST1H4M; Hist2h4; HIST4H4; histone H4; Histone H4; LOC100013511; LOC100093154; LOC100221944; LOC100481285; LOC100541738; LOC100553870; LOC100728325; LOC100917088; LOC101068156; LOC101105290; LOC101326046; LOC101382175; LOC101575881; LOC101601628; LOC101795509; LOC101808006; LOC101825928; LOC101874021; LOC102018289; LOC102042794; LOC102075163; LOC102172954; LOC102367360; LOC102384725; LOC102424579; LOC102746084; LOC102821749; LOC102903868; LOC102971438; LOC102993890; LOC103004316; LOC103081667; LOC103123889; LOC103204646; LOC103259942; LOC103677773; LOC103792212; LOC103813629; LOC104953182; LOC104987695; LOC105296311; LOC105865499; LOC105896841; LOC105992280; LOC106145262; LOC106177733; LOC106488349; LOC106527735; LOC106542980; LOC106600082; LOC106730926; LOC107152689; LOC107312644; LOC107579976; LOC107673437; LOC107740223; LOC107977157; LOC108262037; LOC108901762; LOC108922304; LOC109048535; LOC109252622; LOC109375763; LOC109485848; LOC109576914; LOC110075226; LOC110132975; LOC110220158; LOC110308658; LOC110580915; LOC111138555; LOC111168536; LOC111724950; LOC111819284; LOC111942906; LOC112110709; LOC112412589; LOC112634881; LOC112674397; LOC112838347; LOC112853497; LOC112910323; LOC112959472; LOC112996072; LOC113051251; LOC113221881; LOC113246106; LOC113422773; LOC113443512; LOC113475869; LOC113576910; LOC113593855; LOC113790298; LOC113881709; LOC113931160; LOC113997389; LOC114109699; LOC114431901; LOC114489255; LOC114581797; LOC114663571; LOC114797082; LOC114885785; LOC115009875; LOC115061312; LOC115072148; LOC115215770; LOC115336194; LOC115363259; LOC115389944; LOC115410032; LOC115459743; LOC115514795; LOC115532410; LOC115583839; LOC115641737; LOC115745046; LOC115825704; LOC115945175; LOC115945195; LOC116036299; LOC116284488; LOC116364139; LOC116442604; LOC116502374; LOC116543205; LOC116760723; LOC117364958; LOC117541175; LOC117666870; LOC118287607; LOC118904005; LOC483167; LOC8030709; SI:CH211-113A14.10; SSS_273g; TGas006m08.1_5; TGas006m08.1_6,0.048368531366343226,0.417588124,1,7.9206540821852816,BF-NAPE,no hit
LIG1,0.048368531366343226,0.27384991,1,5.2558282311495335,BF-NAPE,no hit
STOML2,0.048469175521190844,0.5879991963333333,3,6.252439678345461,BF-NAPE,no hit
RPL18A,0.048643102472213096,0.783025517,3,6.560872859144725,BF-NAPE,no hit
ATP5MF-PTCD1,0.04874385573701745,0.4393658345,2,6.147008735696227,BF-NAPE,no hit
DDX21,0.0491933227440991,0.4424656296666667,3,6.446273004899299,BF-NAPE,no hit
CSTB,0.04940532267283232,0.274867753,1,5.775718052701709,BF-NAPE,no hit
Hnrnpa2b1; HNRNPA2B1; LOC111147225,0.04940532267283232,0.412696054,1,7.740393133496854,BF-NAPE,no hit
VCP,0.04987456690842429,0.7755101563333333,3,7.518601712056114,BF-NAPE,no hit
GDI2,0.05034890845086387,0.5573018136666666,3,7.073986059781536,BF-NAPE,no hit
EIF3L,0.05108456898968278,0.311911408,2,6.019915155815784,BF-NAPE,no hit
ATP5MG,0.05147667269252709,0.280613922,1,6.016036633982242,BF-NAPE,no hit
LOC118896992; Rpl22; RPL22,0.05251123354065401,0.399882308,1,6.551078157173283,BF-NAPE,no hit
CPNE1,0.052908762745177584,0.43332617133333334,3,6.240579796247494,BF-NAPE,no hit
PRPF8,0.05295395758089405,0.29951549899999996,3,6.281576614263814,BF-NAPE,no hit
RPL12,0.05357073440255666,0.6308692583333333,3,7.065633385678993,BF-NAPE,no hit
RSU1,0.05440602686155488,0.8015566853333334,3,6.059007551386938,BF-NAPE,no hit
EIF6,0.05483191202652632,0.6623766923333333,3,6.3593528864103765,BF-NAPE,no hit
CUL1,0.05514165535221055,0.24301281433333335,3,5.577662295311575,BF-NAPE,no hit
H4-16; H4C1; H4C11; H4C12; H4C13; H4C14; H4C15; H4C2; H4C3; H4C4; H4C5; H4C6; H4C8; H4C9,0.05535907931164569,0.42255957,2,8.048321878948066,BF-NAPE,no hit
TUBA1C,0.05536504352632271,0.7717971526666666,3,8.255560954705528,BF-NAPE,no hit
H1-10,0.055627003266512265,0.18724284700000002,3,5.999926561832591,BF-NAPE,no hit
RPS20,0.05607301065028131,0.781889568,3,6.627956390544481,BF-NAPE,no hit
HNRNPM,0.05627155466674322,0.6683759796666666,3,6.970123403201706,BF-NAPE,no hit
EIF2S2,0.05648212046554302,0.6128655953333333,3,6.353823082420383,BF-NAPE,no hit
MCM6,0.056563876193740315,0.65932657,3,7.070114466355591,BF-NAPE,no hit
PSME2,0.05732257720874884,0.39525858733333336,3,5.9868052459561705,BF-NAPE,no hit
ND5,0.057672938656432804,0.381016849,1,6.6621418297983395,BF-NAPE,no hit
ARF4,0.05855753203383557,0.5061988133333334,3,7.008705321070389,BF-NAPE,no hit
MATR3,0.05869946454905117,0.776007546,3,6.981095619289641,BF-NAPE,no hit
DHCR24,0.05870306725492219,0.261241558,1,5.873581565191522,BF-NAPE,no hit
LAMP1,0.05912392972113728,0.5536537316666666,3,6.113366255241767,BF-NAPE,no hit
NAXE,0.059915780964375054,0.2723901986666667,3,5.969935621737519,BF-NAPE,no hit
PRDX4,0.06007440995232932,0.8117765565,2,6.455391576768747,BF-NAPE,no hit
EIF3A,0.06017707093473679,0.5372787863333334,3,6.46296944853131,BF-NAPE,no hit
CBX5,0.06076112044400328,0.457525449,1,5.2103842410282875,BF-NAPE,no hit
CCT3,0.061987495988939156,0.7763656396666666,3,7.186953088598452,BF-NAPE,no hit
IMMT,0.06292584995959827,0.3841496683333333,3,5.92109560447727,BF-NAPE,no hit
HNRNPC,0.06296840321991898,0.7149324246666666,3,7.315811735160842,BF-NAPE,no hit
PSAT1,0.06312672584146894,0.6507490166666666,3,6.6281998404017815,BF-NAPE,no hit
UQCRC1,0.06457185808579025,0.40755235366666664,3,6.089217954058396,BF-NAPE,no hit
IARS2,0.06486844006063686,0.6322628,1,5.477252835133056,BF-NAPE,no hit
PSMC2,0.06629161255829286,0.29801083866666667,3,6.158175496915834,BF-NAPE,no hit
G6PD,0.0676068732361344,0.636639288,3,7.060484686347588,BF-NAPE,no hit
HNRNPDL,0.06899257391977798,0.420517982,3,7.067922572895398,BF-NAPE,no hit
FH,0.06988329966916018,0.3533555093333334,3,6.534498286074741,BF-NAPE,no hit
PRPS2,0.06998620009528433,0.424619399,1,5.124105143677547,BF-NAPE,no hit
RPL3,0.0700481980799118,0.7605432993333333,3,7.022203795999491,BF-NAPE,no hit
STIP1,0.07048176646027032,0.529342242,3,6.8947232087403725,BF-NAPE,no hit
PSMB4,0.0709139953225853,0.7228458693333334,3,6.22850901900342,BF-NAPE,no hit
SHMT2,0.07105640223824566,0.40611667733333334,3,6.70173058592393,BF-NAPE,no hit
LMNB1,0.0715236114432109,0.6854542906666666,3,6.800711310625539,BF-NAPE,no hit
KCTD12,0.07165188056687355,0.443089416,3,6.027244356021788,BF-NAPE,no hit
RPN1,0.07421954328187425,0.5674304056666667,3,6.861183438409912,BF-NAPE,no hit
RPS16,0.07436958453407577,0.718525784,3,7.280650310555841,BF-NAPE,no hit
TRIP13,0.07647489533326463,0.6696653856666667,3,6.267786994085978,BF-NAPE,no hit
PGRMC2,0.07659926645505716,0.7029825279999999,2,5.854777710705401,BF-NAPE,no hit
CALR,0.07671408432130628,0.6346523386666667,3,7.152641743791782,BF-NAPE,no hit
HSPA5,0.07685232569982031,0.8314601260000001,2,7.832603503015153,BF-NAPE,no hit
PRKCSH,0.07773755251990694,0.2559749946666667,3,6.299641738838906,BF-NAPE,no hit
MAGED2,0.07832806077334004,0.6416189606666667,3,5.660311692999403,BF-NAPE,no hit
ETF1,0.0785472526682312,0.733488052,2,6.709545010991913,BF-NAPE,no hit
PHB1,0.0788618341823038,0.6386921643333333,3,6.522451843287544,BF-NAPE,no hit
RBMX,0.0794321002050275,0.460208417,3,6.584812151446228,BF-NAPE,no hit
SNU13,0.0807199469448509,0.28530772449999997,2,5.460873939071433,BF-NAPE,no hit
PSMD1,0.08202008784446574,0.473937823,3,5.678120129975835,BF-NAPE,no hit
Actr1a; ACTR1A; LOC101353975; LOC111144862,0.0821952577905018,0.033459006,1,6.29642122174832,BF-NAPE,no hit
RPL6,0.08235532180911259,0.554319739,3,6.86836264815804,BF-NAPE,no hit
MTREX,0.08237879284097799,0.5307031125,2,5.358742025688335,BF-NAPE,no hit
ASNS,0.0826541572702339,0.7448264783333334,3,5.808081716478884,BF-NAPE,no hit
CCT8,0.08305982514541904,0.651854885,3,7.1067490742057124,BF-NAPE,no hit
HNRNPU,0.08455327394583118,0.507083763,3,7.42338584830674,BF-NAPE,no hit
PCNA,0.08456187709973145,0.5954070459999999,3,6.762263890944714,BF-NAPE,no hit
TFRC,0.08517213914780025,0.650340882,3,7.057595963617032,BF-NAPE,no hit
RAB10,0.08668963228080323,0.7514295003333333,3,5.8757197334525255,BF-NAPE,no hit
GTF2I,0.08674418564271263,0.5628736813333334,3,6.01108747439401,BF-NAPE,no hit
SUGT1,0.08690480643440152,0.2684509123333333,3,5.4961866573256115,BF-NAPE,no hit
COPZ1,0.08695771204897257,0.222077984,2,5.215626349875498,BF-NAPE,no hit
Hnrnpk; HNRNPK; LOC101341169; LOC111153533,0.08766345824541727,0.602803905,3,7.630832780443422,BF-NAPE,no hit
TOMM34,0.08772940123415124,0.11406561066666666,3,5.87490010723093,BF-NAPE,no hit
HNRNPH1,0.08789746317863506,0.6218709716666667,3,7.037492364833356,BF-NAPE,no hit
EIF2S3,0.0879101824189697,0.7963747855000001,2,6.419985227250079,BF-NAPE,no hit
PSMB2,0.08871405302874208,0.6885417444999999,2,6.258625702899794,BF-NAPE,no hit
CCT2,0.08885716725604181,0.794049833,2,7.235691978360748,BF-NAPE,no hit
NARS1,0.08912688738978941,0.39094384433333335,3,6.2724116743922345,BF-NAPE,no hit
LOC101357717; LOC111145177; Sf3b1; SF3B1,0.08926978355077192,0.02888372,1,6.429803179723226,BF-NAPE,no hit
HP1BP3,0.08937439765307836,0.494445237,2,5.591245699295604,BF-NAPE,no hit
LOC100415625; LOC100460507; LOC101375315; LOC101577206; LOC102726231; LOC102909002; LOC105861123; LOC107140623; LOC111144104; LOC111540882; LOC112811032; LOC114496478; LOC450727; Rpl32; RPL32; Rpl32_5,0.09027760408836044,0.281255213,1,6.247503757721861,BF-NAPE,no hit
DARS1,0.09077732644796871,0.5311541486666667,3,6.248939728621946,BF-NAPE,no hit
H2AC18; H2AC19,0.0912847210862498,0.365212941,1,7.787667863804054,BF-NAPE,no hit
RNH1,0.09178468237310317,0.591139217,3,6.126060751514912,BF-NAPE,no hit
EMD,0.09231978620983478,0.5719232773333334,3,4.92055417446877,BF-NAPE,no hit
NPM1,0.09326455407330775,0.5902815536666667,3,7.842267413123271,BF-NAPE,no hit
YARS1,0.09450619623548379,0.6028548006666666,3,6.531470793275102,BF-NAPE,no hit
HNRNPL,0.0946320797993016,0.6020568366666667,3,6.736801601676154,BF-NAPE,no hit
GSTO1,0.09500763688845443,0.547036158,3,6.37696760832463,BF-NAPE,no hit
MGST3,0.09630978726340184,0.370525637,1,5.996106973059877,BF-NAPE,no hit
RRS1,0.09630978726340184,0.376385625,1,5.48320185899569,BF-NAPE,no hit
RPS9,0.0963981093573078,0.5848771806666667,3,7.162104932581958,BF-NAPE,no hit
GNAI2,0.09665086647209536,0.579602078,3,6.129228746521194,BF-NAPE,no hit
MACROH2A1,0.09712421849278069,0.3953790345,2,6.321548543276819,BF-NAPE,no hit
PDCD6,0.09722317058628488,0.2457721785,2,6.4917978909274865,BF-NAPE,no hit
TUBB,0.09745342555125697,0.772385055,2,7.998371193196765,BF-NAPE,no hit
MCM5,0.09851918632092677,0.5781656426666667,3,6.433833815958419,BF-NAPE,no hit
SNRNP200,0.09930233794404414,0.244762174,3,6.473831140907925,BF-NAPE,no hit
CAB39,0.09931644699885173,0.586300996,1,5.197044518776945,BF-NAPE,no hit
LRPPRC,0.09968933498119453,0.5750107386666667,3,6.640085874988097,BF-NAPE,no hit
ABCF1,0.09997433821438745,0.500653282,3,5.842223578117279,BF-NAPE,no hit
RPS10,0.10074550408695854,0.5587304103333334,3,6.989393119164686,BF-NAPE,no hit
HARS1,0.10077958527362091,0.271868665,3,6.114725321163133,BF-NAPE,no hit
RPL22,0.1016218564975187,0.7797145965,2,6.741816885714254,BF-NAPE,no hit
ME1,0.10180292322813728,0.5031708856666667,3,5.4210465190273975,BF-NAPE,no hit
SMARCA4,0.1019500561542564,0.8922103699999999,2,5.587631798320125,BF-NAPE,no hit
H1-4,0.10231685371127502,0.390859091,1,6.49190772091483,BF-NAPE,no hit
RTN4,0.10255091198029992,0.272790202,3,5.82874554689775,BF-NAPE,no hit
HNRNPA2B1,0.10274293512988392,0.7178953945,2,7.78300896616037,BF-NAPE,no hit
C1QBP,0.10309526768580773,0.5737723373333333,3,6.704355239486752,BF-NAPE,no hit
GANAB,0.10515047173976372,0.6418455795,2,6.899953054142785,BF-NAPE,no hit
LOC101355514; LOC101876649; LOC101973962; LOC103077263; LOC103115243; LOC110589897; LOC111151029; LOC112618833; Snrpe; SNRPE; Snrpe_1,0.10531103335582875,0.036096333,1,6.1868553567545455,BF-NAPE,no hit
KHSRP,0.10548628698921286,0.5641201273333334,3,6.329736050725988,BF-NAPE,no hit
NNMT,0.10627365326234511,0.7310136709999999,2,5.742422392807574,BF-NAPE,no hit
MAT2A,0.10666526092289136,0.4731137066666667,3,6.468565381552689,BF-NAPE,no hit
EIF4H,0.1068758721647533,0.6062395996666666,3,6.127306067090295,BF-NAPE,no hit
HIBADH,0.10737688182189203,0.5168448675,2,5.063358944430386,BF-NAPE,no hit
MGST1,0.10779387838508353,0.3205876343333333,3,5.981744864711582,BF-NAPE,no hit
OLA1,0.10794399875741328,0.63061575,3,6.028271771349085,BF-NAPE,no hit
RAB1A,0.10799032378002277,0.5587432456666667,3,6.897149602022872,BF-NAPE,no hit
EIF3D,0.10855852939045535,0.3609232806666667,3,5.699160075175698,BF-NAPE,no hit
KTN1,0.1086682188213442,0.32486106966666667,3,5.98475615302748,BF-NAPE,no hit
LOC111158766; LOC113926370; LOC114493822; LOC117313161; LOC118905522; Syncrip; SYNCRIP,0.10891704626081017,0.57735429633333335,3,7.093884173284968,BF-NAPE,no hit
AP2B1,0.10929363089084859,0.408579518,1,6.3751411306266546,BF-NAPE,no hit
SEC22B,0.1100140644353545,0.544886982,3,6.383753931937253,BF-NAPE,no hit
CAVIN1,0.11008076245526482,0.6263540586666667,3,6.154955885612424,BF-NAPE,no hit
PRPF6,0.11028756481985474,0.245527529,1,5.909917517856379,BF-NAPE,no hit
MARCKS,0.11048596723891241,0.6579930026666666,3,6.457183933944544,BF-NAPE,no hit
GPD2,0.11087843791609114,0.4936762336666667,3,5.611299311698983,BF-NAPE,no hit
SSB,0.11114248019139666,0.573303895,3,6.320282762035556,BF-NAPE,no hit
RAP1B,0.11169446436378888,0.6322889585,2,6.504382240251481,BF-NAPE,no hit
PSMB6,0.11173929091961937,0.208052727,3,6.11146281635698,BF-NAPE,no hit
RPL13,0.11194082531268162,0.5112988013333334,3,7.028894065539558,BF-NAPE,no hit
EIF4A1,0.11218527334707756,0.551562967,3,7.60365895937795,BF-NAPE,no hit
USP5,0.11384207375248051,0.4831020496666667,3,6.296720031173007,BF-NAPE,no hit
SERPINH1,0.11407810831018245,0.6256960043333333,3,7.2044225680075336,BF-NAPE,no hit
FSCN1,0.11435070220260107,0.5765381803333334,3,6.958504297642334,BF-NAPE,no hit
ATP5F1A,0.11462284317880694,0.683776183,2,7.654272774242981,BF-NAPE,no hit
FEN1,0.11512204989414648,0.5009728686666667,3,6.431435172278659,BF-NAPE,no hit
PKM,0.11588858872209978,0.8422684505,2,8.536537354411234,BF-NAPE,no hit
RPL14,0.11656167804611645,0.5125687843333333,3,6.688961165977837,BF-NAPE,no hit
CBX3,0.11659586224073187,0.5624309296666666,3,6.273220752493928,BF-NAPE,no hit
ACTBL2,0.11672093249874588,0.37113202033333337,3,7.831697933284448,BF-NAPE,no hit
AGPS,0.11689070500178406,0.711025394,3,5.435793278401458,BF-NAPE,no hit
SF3B1,0.11735577052756946,0.6797399225,2,6.4558407583485256,BF-NAPE,no hit
SFPQ,0.11870448345224621,0.5060228093333333,3,7.014892885120528,BF-NAPE,no hit
SLC25A6,0.1202065978552796,0.04917687933333334,3,6.246423432403915,BF-NAPE,no hit
HNRNPH2,0.12075178494772104,0.5440944685,2,5.681113824915557,BF-NAPE,no hit
EIF1,0.12094363668413538,0.172461221,2,6.010341405292179,BF-NAPE,no hit
SLC38A2,0.12214628793632848,0.00596290900000111,3,5.68653392957051,BF-NAPE,no hit
PKM2,0.12216166510814658,0.561134688,1,5.2887639393520205,BF-NAPE,no hit
YWHAH,0.12286708621512016,0.8496292715,2,6.401042911222195,BF-NAPE,no hit
RAB7A,0.12503296330013985,0.36633670933333334,3,6.669262240124258,BF-NAPE,no hit
LOC111152633; SNRPA1,0.12511498249749414,0.165668437,1,5.71161337398499,BF-NAPE,no hit
HLA-A,0.12513346871487124,0.542654886,3,6.366079782519698,BF-NAPE,no hit
RPL7A,0.1256802177425635,0.709398192,2,7.1292765124915505,BF-NAPE,no hit
CTSD,0.12749519186759123,0.5072306526666667,3,6.711837640902128,BF-NAPE,no hit
H3-3A; H3-3B,0.12806226654783087,0.7759491475,2,5.251672091359809,BF-NAPE,no hit
LOC101357184; LOC102538970; LOC102919450; LOC110122747; LOC113224943; Rpl30; RPL30,0.12806226654783087,0.178868487,1,6.818193917472587,BF-NAPE,no hit
TPT1,0.13055330798329073,0.308215172,3,6.589168129207671,BF-NAPE,no hit
SNRPA,0.1310035418599534,0.464023932,1,4.918938346790686,BF-NAPE,no hit
RPL10,0.13118936291372268,0.7610313049999999,2,6.817748899946332,BF-NAPE,no hit
LOC101357058; LOC111160804; SMD2; snrpd2; Snrpd2; SNRPD2,0.13147978598765114,0.4760229266666667,3,6.455984486484803,BF-NAPE,no hit
COPS4,0.13216322609122172,0.39031878750000004,2,5.562489484129504,BF-NAPE,no hit
PNP,0.13245496396057604,0.46711274166666666,3,6.640091830236493,BF-NAPE,no hit
PPME1,0.13364607255991684,0.422724763,2,5.9419759644482,BF-NAPE,no hit
MCM4,0.1342539304578821,0.4049702866666667,3,6.395520192605881,BF-NAPE,no hit
ATP6V1B2,0.1349259561306551,0.6535802613333334,3,5.137678236970322,BF-NAPE,no hit
EIF3B,0.13503003411419318,0.5927948623333333,3,6.254834342876659,BF-NAPE,no hit
RBM39,0.13556351526663496,0.503718215,3,6.197497550667475,BF-NAPE,no hit
MARS1,0.1358337097914381,0.36031462933333336,3,6.470619288885096,BF-NAPE,no hit
RPL15,0.13599686444846132,0.4267715913333333,3,6.599228439683471,BF-NAPE,no hit
RAB14,0.13636556049949494,0.5240655473333333,3,6.542798966502553,BF-NAPE,no hit
CSRP2,0.13643658905556028,0.5870401233333333,3,5.815995948890332,BF-NAPE,no hit
ATP5F1B,0.1368012179613058,0.593800722,2,7.723781575410882,BF-NAPE,no hit
GLO1,0.1376612919634836,0.5154499546666667,3,6.091266803711114,BF-NAPE,no hit
RFC4,0.13881775211295194,0.410133344,1,5.835612443003277,BF-NAPE,no hit
FHL2,0.14005031872138557,0.5486887385,2,4.745825863984583,BF-NAPE,no hit
CDC73,0.1407647092787347,0.579922343,1,5.007169570858405,BF-NAPE,no hit
LOC100051778; LOC102750853; LOC102823497; LOC105854794; LOC111159891; LOC112620767; LOC112656592; LOC113224813; LOC712987; Rpl21; RPL21; Rpl21_3,0.1407647092787347,0.151702038,1,6.414448202420024,BF-NAPE,no hit
SF3A1,0.14157823598511993,0.4306517536666667,3,5.679688756491202,BF-NAPE,no hit
RPL10A,0.14260609038365984,0.486713721,3,6.727355751062273,BF-NAPE,no hit
LOC101346538; LOC111145750; LOC112634661; LOC117799814; Rpl7a; RPL7A,0.14658986540620406,0.141667181,1,6.944421698550945,BF-NAPE,no hit
ATP6V1A,0.14679278707750892,0.259412444,3,6.1725507679869205,BF-NAPE,no hit
RPS13,0.14707903478157153,0.40949145433333334,3,7.129993134451235,BF-NAPE,no hit
RPL13A,0.1476679520658553,0.462656047,3,6.498627038984244,BF-NAPE,no hit
NPEPPS,0.14798842619542135,0.49130435333333333,3,6.911003884648686,BF-NAPE,no hit
RBBP4,0.14877909552068042,0.75811198,2,6.473346034697744,BF-NAPE,no hit
ZMPSTE24,0.1489120738662863,0.7291126354999999,2,5.468088378188448,BF-NAPE,no hit
VPS35,0.14996494696675505,0.4156381983333333,3,6.2679187762906725,BF-NAPE,no hit
HNRNPA3,0.15057184860463496,0.331790733,3,6.8184436284441965,BF-NAPE,no hit
BLVRA,0.15142625961334116,0.522122833,1,5.209402991796147,BF-NAPE,no hit
CAPN2,0.15219999746012652,0.18624104233333333,3,6.158231817295409,BF-NAPE,no hit
CDK1,0.15277420371189127,0.5224783026666666,3,6.557833779616397,BF-NAPE,no hit
PSMA3,0.1532761606177408,0.432517002,3,6.068874562681598,BF-NAPE,no hit
FAM98B,0.15335628671174079,0.527299765,1,5.562620989758147,BF-NAPE,no hit
SLC16A3,0.15354498932416666,0.3980562813333333,3,6.340013402662187,BF-NAPE,no hit
VIM,0.1548687009101814,0.39626224433333335,3,8.260185773006928,BF-NAPE,no hit
SRSF1,0.15544868278182772,0.40370776433333333,3,6.599969471712853,BF-NAPE,no hit
CUL4A,0.1557965959677287,0.4103314725,2,5.533085749328163,BF-NAPE,no hit
PARP1,0.15650473541441107,0.42614338,3,6.464665635729721,BF-NAPE,no hit
MTAP,0.15791134145797064,0.36189860966666665,3,6.487895066659867,BF-NAPE,no hit
DHCR7,0.1581492618204297,0.6302213073333334,3,5.413267973344163,BF-NAPE,no hit
TUBB4B,0.16010485138437985,0.7942933464999999,2,8.28413351969299,BF-NAPE,no hit
DDX46,0.16220631085880194,0.648874492,3,5.600339652201272,BF-NAPE,no hit
PABPC1,0.16264085257912736,0.554903383,2,6.872044713614352,BF-NAPE,no hit
PFKM,0.16301654141509275,0.4046395435,2,5.633098516512676,BF-NAPE,no hit
SMC2,0.16440403425734823,0.8126492384999999,2,5.844443854388248,BF-NAPE,no hit
PSMA2,0.16456297279430204,0.5428132776666666,3,6.294632086747612,BF-NAPE,no hit
TARDBP,0.1691176532889314,0.27644514033333334,3,6.293635670103365,BF-NAPE,no hit
SLC25A3,0.1702736764130069,0.41640374566666666,3,6.617998683119061,BF-NAPE,no hit
ANXA6,0.17135816908658813,0.47757175733333335,6,6.698016768295424,BF-NAPE,no hit
SNRNP40,0.17156390518441728,0.150859965,1,5.691084145645301,BF-NAPE,no hit
NAP1L1,0.17162992473107103,0.383239974,3,6.548225042093852,BF-NAPE,no hit
ITGB1,0.17365393140896096,0.438466501,3,6.328851840440397,BF-NAPE,no hit
HNRNPH3,0.1738416770058741,0.46872350000000007,2,6.290060386420569,BF-NAPE,no hit
POLD1,0.17726626454860067,0.523421589,1,4.84217793869965,BF-NAPE,no hit
RPL30,0.1776727465661992,0.46436632099999997,2,6.7087179637055465,BF-NAPE,no hit
VBP1,0.17971860988816496,0.40478512,3,6.0336127798903245,BF-NAPE,no hit
MAT2B,0.18285517703180693,0.5492179553333334,3,5.497362545376348,BF-NAPE,no hit
Cops2; COPS2; LOC101356833; LOC111162519,0.18288584557745108,0.0790677305,2,5.849756665375533,BF-NAPE,no hit
RPS21,0.18665037709919335,0.3159232973333333,3,6.312648209590754,BF-NAPE,no hit
ACTG1,0.18686132878970513,0.6601026225,2,7.048155561229966,BF-NAPE,no hit
FXR2,0.1876624087490612,0.250036687,1,4.843250642935668,BF-NAPE,no hit
WDR61,0.18824090849865166,0.7502445074999999,2,5.566275143495988,BF-NAPE,no hit
KYNU,0.1891471684585398,0.35222952933333335,3,6.503165182187578,BF-NAPE,no hit
MCM7,0.19215393145150356,0.33666872400000003,3,6.625770412496833,BF-NAPE,no hit
PSMA4,0.19671552554606292,0.35891303733333335,3,6.524044774187544,BF-NAPE,no hit
BZW2,0.1972539886777221,0.002058191,3,6.1344507773498025,BF-NAPE,enriched hit
EHD2,0.19798417339483892,0.46788388400000003,1,5.104361298942808,BF-NAPE,no hit
HNRNPF,0.20181243929319875,0.44597261050000003,2,6.3827526270827715,BF-NAPE,no hit
ZC3H15,0.20265158296851443,0.677796126,1,5.76829104033529,BF-NAPE,no hit
RPS15A,0.20279786630705837,0.6295373635,2,6.911017138067196,BF-NAPE,no hit
TRIM25,0.2031751764751522,0.6378715585,2,4.570046007083574,BF-NAPE,no hit
SNRPD3,0.2045615560481137,0.4715333823333333,3,6.314105623843579,BF-NAPE,no hit
B4GALT1,0.2069400773719971,0.4887095613333333,3,5.435792979868383,BF-NAPE,no hit
ARPC5,0.20730394121140522,0.692022732,1,6.014028798302234,BF-NAPE,no hit
RPL7,0.20929820469293697,0.671781955,2,7.003419185586768,BF-NAPE,no hit
ARPC4-TTLL3,0.2107641915204011,0.22556914033333333,3,6.360753000651718,BF-NAPE,no hit
LOC100411672; LOC101361983; LOC102746862; LOC102816131; LOC111148109; LOC111534944; LOC112620074; LOC116566029; rps27a; Rps27a; RPS27A; rps27a.S,0.211015055903141,0.002013892,1,7.874251008471497,BF-NAPE,no hit
Psmc6; PSMC6,0.213811074068546,0.28806771366666667,3,6.423116177845923,BF-NAPE,no hit
PHB2,0.21427127913383887,0.4294485545,2,6.787879756390756,BF-NAPE,no hit
SCAMP3,0.21564056496608347,0.423996465,1,5.127311464606901,BF-NAPE,no hit
DDX39A,0.21612910568051763,0.32062143233333334,3,6.723409311566684,BF-NAPE,no hit
SRSF6,0.21616072688975657,0.6571812175,2,5.630424791980946,BF-NAPE,no hit
TUBAL3,0.21729668515677997,0.434944307,2,6.072452701815038,BF-NAPE,no hit
DNM1L,0.21957335519488036,0.5023156583333334,3,5.876434720854329,BF-NAPE,no hit
ANXA5,0.22225290026376648,0.54044093,2,7.718884302201527,BF-NAPE,no hit
RPL18,0.22229587873598405,0.2567377673333333,3,7.050811925857362,BF-NAPE,no hit
ACIN1,0.22991398162161908,0.581303643,3,5.589216640378914,BF-NAPE,no hit
RPS28,0.23039082410952588,0.5117919715,2,6.861640465345411,BF-NAPE,no hit
TPM4,0.2305956911383445,0.243822494,3,6.094467474624604,BF-NAPE,no hit
COPB1,0.2319160555119701,0.5859984229999999,2,5.637225720370544,BF-NAPE,no hit
NONO,0.2330523193704947,0.32964081900000003,3,6.671084778096003,BF-NAPE,no hit
RAD50,0.23318230421015412,0.48248672266666665,3,5.215761013491707,BF-NAPE,no hit
SERPINB5,0.23432824623909226,0.3577417345,2,5.965873970883548,BF-NAPE,no hit
SRP14,0.23511189359426005,0.18490456100000002,3,6.416134437016526,BF-NAPE,no hit
RCN1,0.23672895185087367,0.182019512,1,5.782329078589706,BF-NAPE,no hit
SRSF4,0.238548239659286,0.797119704,1,6.35980722383199,BF-NAPE,no hit
COTL1,0.23938353805837048,0.4495143266666667,3,5.752005448641107,BF-NAPE,no hit
GRWD1,0.24214520088905128,0.40384413599999996,3,5.78318380942044,BF-NAPE,no hit
CMBL,0.24458992576481114,0.43427465049999997,2,5.851532759241334,BF-NAPE,no hit
RPS27A,0.24580253547633585,0.820740401,1,7.772090770425509,BF-NAPE,no hit
GSN,0.24673992145933826,0.27955489733333333,3,5.620582043099025,BF-NAPE,no hit
NCAPD2,0.24967820723275053,0.306761543,3,5.726398081938978,BF-NAPE,no hit
HNRNPA0,0.2502528598515282,0.023901065333333332,3,6.079848732100877,BF-NAPE,no hit
CLTA,0.251219419340361,0.837776479,1,5.405882333128533,BF-NAPE,no hit
HMGCS1,0.2512427771944081,0.383497311,2,5.6596969446667655,BF-NAPE,no hit
COPB2,0.2598369718874098,0.34571705866666663,3,6.028660313115737,BF-NAPE,no hit
RBM14; RBM4,0.2602026055306729,0.870681428,1,5.194994332695376,BF-NAPE,no hit
CUL4B,0.26240852147850396,0.27908022066666666,3,6.096854785339949,BF-NAPE,no hit
SARS1,0.2629389342427291,0.3977393473333333,3,5.86259973565319,BF-NAPE,no hit
Fkbp1a; FKBP1A,0.2637802764053913,0.005469199,1,6.031505614150283,BF-NAPE,no hit
SNRPE,0.2641565851668967,0.4862339925,2,6.297759107789659,BF-NAPE,no hit
EIF3I,0.2686587795919811,0.23288798066666666,3,5.862256149365616,BF-NAPE,no hit
SNRPA1,0.2687048410446227,0.3933656515,2,6.2003567691090655,BF-NAPE,no hit
IPO9,0.27219740326703373,0.16596798654666667,3,5.7373682874124725,BF-NAPE,no hit
RAB32,0.2744603624966319,0.91846042,1,5.802645982893509,BF-NAPE,no hit
PDIA4,0.2745984559340761,0.305476093,3,6.193474706814663,BF-NAPE,no hit
TIMM44,0.27595877673367425,0.4152320706666667,3,5.999917222966557,BF-NAPE,no hit
FARSA,0.278055628692724,0.23081905033333336,3,6.17962238384455,BF-NAPE,no hit
ZC3HAV1,0.2782092220096472,0.4719985165,2,5.393592832460179,BF-NAPE,no hit
NSF,0.2788564977842842,0.37337673833333335,3,5.446303183145982,BF-NAPE,no hit
CTTN,0.2788814812454205,0.367350856,2,6.219020617484135,BF-NAPE,no hit
DRG1,0.279770902385799,0.107501839,1,5.811492478727349,BF-NAPE,no hit
NUDT21,0.28028981106189604,0.164651149,2,5.843540857311345,BF-NAPE,no hit
DNAJB1,0.28099578320971913,0.2655597163333333,3,5.782862971090175,BF-NAPE,no hit
CRK,0.2828019570068024,0.19818320133333334,3,5.613492708331093,BF-NAPE,no hit
ACTR1A,0.283537544304406,0.44884279699999996,2,6.277161545406051,BF-NAPE,no hit
MAPRE1,0.2917422633730011,0.294374778,3,5.979957341493579,BF-NAPE,no hit
RCC1,0.29176618237464796,0.41605066566666665,3,5.789228895185574,BF-NAPE,no hit
ACTC1,0.29296235400732246,0.984374456,1,7.533370118537393,BF-NAPE,no hit
SSRP1,0.2942408871502465,0.002410391,2,6.226036608451048,BF-NAPE,enriched candidate
ADSS2,0.2976243326813453,0.306977602,3,5.932923832599483,BF-NAPE,no hit
PRPS1,0.2985780900545408,0.5568788444999999,2,5.376047312915935,BF-NAPE,no hit
DDX39B,0.2990773285186841,0.083252375,1,5.831949278391334,BF-NAPE,no hit
PDHB,0.3032717306174097,0.31593401233333335,3,6.082077955158688,BF-NAPE,no hit
OGDH,0.30381759824272564,0.2910067846666667,3,5.672175452774313,BF-NAPE,no hit
ACP1,0.3105242106634409,0.310445044,3,5.477910304997376,BF-NAPE,no hit
SRP68,0.31052872194721365,0.279052066,2,5.700271099773017,BF-NAPE,no hit
TXNL1,0.31123006618670285,0.116650933,1,5.334932047221171,BF-NAPE,no hit
ALYREF,0.3138209589049868,0.943903877,1,6.32180423086026,BF-NAPE,no hit
GLUD1,0.3156910835375603,0.27360517966666664,3,5.963282501451151,BF-NAPE,no hit
EIF1AX,0.3191785802371862,0.22557992233333332,3,5.700522443934733,BF-NAPE,no hit
FXR1,0.3207073444902267,0.919151843,1,4.578787211213584,BF-NAPE,no hit
HLA-B,0.32477513815891396,0.046944489000000006,3,6.178280786004593,BF-NAPE,no hit
DDX48; EIF4A3,0.32841543962548986,0.006197269,1,5.91181591164232,BF-NAPE,no hit
RPL26,0.32841543962548986,0.890476723,1,6.338298722022586,BF-NAPE,no hit
SMC2; SMC2L1,0.32841543962548986,0.097227467,1,5.345366898651209,BF-NAPE,no hit
MAGOHB,0.3319440431664537,0.3360504776666667,3,5.730229173155217,BF-NAPE,no hit
SOD2,0.33353138484781036,0.87273928,1,6.153781462309579,BF-NAPE,no hit
H3C13; H3C14; H3C15,0.33436779172531067,0.25567486400126,3,7.454376965747894,BF-NAPE,no hit
PSMC1,0.3352504069575171,0.32280281133333333,3,6.00807482885223,BF-NAPE,no hit
AK2,0.33603303114457767,0.29511873,2,6.0195985939219,BF-NAPE,no hit
TMPO,0.3364495329615154,0.03394488933333333,3,6.400026318227215,BF-NAPE,no hit
RTCB,0.3459547381779648,0.193026639,2,6.03829120306356,BF-NAPE,no hit
DPM1,0.34726394942249944,0.5792100473333334,3,4.938481930956032,BF-NAPE,no hit
RPS5,0.3524815649638256,0.21389378666666667,3,6.473556200721448,BF-NAPE,no hit
RAB1B,0.3538156563021652,0.805310835,1,5.394167731571532,BF-NAPE,no hit
DAB2,0.3571688130490523,0.792494302,1,5.476926095105219,BF-NAPE,no hit
ATL3,0.3580058859132022,0.062448355,1,5.407388062594724,BF-NAPE,no hit
SUCLG2,0.35967857600305914,0.785776289,1,5.692096110621846,BF-NAPE,no hit
HSP90AA1,0.364685041550829,0.767364859,1,8.240833821333654,BF-NAPE,no hit
BAT1; Ddx39b; DDX39B; LOC101341139,0.37381868094978926,0.093791208,1,5.217145218804932,BF-NAPE,no hit
PLIN3,0.37465878285716786,0.129728131,3,5.915116757324509,BF-NAPE,no hit
P4HA1,0.3779512963247024,0.123890528,1,5.456545394025882,BF-NAPE,no hit
EXOSC7,0.38207210758364213,0.711293125,1,5.535202867465039,BF-NAPE,no hit
EEF1A2,0.3827794913132236,0.14150657,2,5.886389181174547,BF-NAPE,no hit
CCT5,0.4041233526778642,0.638027648,1,6.796615468038003,BF-NAPE,no hit
EIF3F,0.4051617689137342,0.09859743299999998,3,6.0685242493644935,BF-NAPE,no hit
HSPH1,0.4073617267444089,0.629941649,1,6.4338606973800445,BF-NAPE,no hit
TAF15,0.4074809126926073,0.37940105333333335,3,5.700164745796716,BF-NAPE,no hit
LOC111150055; OTUB1,0.4081701857405661,0.010514917,1,5.955124738514074,BF-NAPE,no hit
SNRPN,0.4095725236800302,0.1737099659,3,6.400203498471967,BF-NAPE,no hit
RPS18,0.4108207049651737,0.1296442865,2,6.927496740360453,BF-NAPE,no hit
EIF3K,0.4113994988760123,0.616035445,1,4.668109880787401,BF-NAPE,no hit
HINT1,0.4157869845648429,0.10856284799999999,2,5.815292124692042,BF-NAPE,no hit
NUP155,0.44277609964296244,0.3219263773333333,3,5.932976950603918,BF-NAPE,no hit
FADS2,0.4543021824548173,0.491666704,1,5.291810677464206,BF-NAPE,no hit
VAT1,0.4545688703039383,0.1599726205,2,5.479941124236304,BF-NAPE,no hit
HLA-C,0.4548193899536909,0.091120705,3,6.092250149090936,BF-NAPE,no hit
NXF1,0.4550847672534421,0.0272396,1,5.412022514587321,BF-NAPE,no hit
CTSZ,0.4675487328194979,0.016950889,1,5.728993666482827,BF-NAPE,no hit
PXDN,0.4768265464075087,0.027376082,1,5.343550134980851,BF-NAPE,no hit
TMED9,0.4775970110671495,0.428960837,1,5.756359012165964,BF-NAPE,no hit
DUT,0.48013013577608427,0.0160467765,2,6.664914300243311,BF-NAPE,no hit
ACAA1,0.48901663860068917,0.345851306,2,5.052938407407977,BF-NAPE,no hit
AIMP2; JTV1,0.493682442292489,0.038262597,1,5.695443832819403,BF-NAPE,no hit
DDT,0.493682442292489,0.033688057,1,5.457800884632339,BF-NAPE,no hit
PPIC,0.4944439598825581,0.386149627,1,5.575189324875989,BF-NAPE,no hit
DPP3,0.49912128104562253,0.38499080846666667,3,6.007695262849396,BF-NAPE,no hit
CPNE5,0.49976335768466745,0.374711857,1,5.343495400890119,BF-NAPE,no hit
RPLP2,0.5054420728686555,0.4044063846666667,3,5.724908464563855,BF-NAPE,no hit
ANXA4,0.5055449185227103,0.080309394,3,5.8932912107734055,BF-NAPE,no hit
SMC4,0.5064972307743068,0.219657283,3,5.615591743472734,BF-NAPE,no hit
ITPA,0.5133524224326225,0.342796032,1,5.5146521633610766,BF-NAPE,no hit
FKBP1A,0.5222020487791392,0.123832951,2,6.095656694493976,BF-NAPE,no hit
UBE2K,0.5241846497825187,0.007692449666666667,3,5.992003922455992,BF-NAPE,enriched hit
U2SURP,0.5320162666976584,0.301930459,1,4.567741326099366,BF-NAPE,no hit
RPL36,0.5326113512410007,0.009937750333333334,3,6.561326414918856,BF-NAPE,enriched hit
BYSL,0.534980202081994,0.296820721,1,5.122991230970737,BF-NAPE,no hit
RPL31,0.5533390110724896,0.060468671999999994,3,6.468186409761367,BF-NAPE,no hit
HINT1; LOC117799002,0.5570177238716163,0.012393002,1,5.839599723915152,BF-NAPE,no hit
USP14,0.5592030740105922,0.008077381,1,5.450025695368379,BF-NAPE,no hit
XPOT,0.5639740579484576,0.07033489650000001,2,5.751576239770536,BF-NAPE,no hit
RCC2,0.5703920220796195,0.039505505333333336,3,6.119507541762666,BF-NAPE,no hit
H3C1; H3C10; H3C11; H3C12; H3C2; H3C3; H3C4; H3C6; H3C7; H3C8,0.5722461114861912,0.226896812,1,5.565856167196601,BF-NAPE,no hit
TOMM20,0.574408532636812,0.223573465,1,4.31898761615802,BF-NAPE,no hit
TOMM40,0.5787236755573959,1.13377e-4,1,5.449094750841098,BF-NAPE,no hit
PABPN1,0.5815724556708153,0.08605925,2,5.761921756940297,BF-NAPE,no hit
AP1B1,0.5872313656838486,0.19798106366666668,3,5.694853761847904,BF-NAPE,no hit
RPA1,0.6001078868407008,0.002386565,1,5.467207567272177,BF-NAPE,no hit
PIR,0.6113845053931495,0.168118005,1,5.9574906026508145,BF-NAPE,no hit
EEF1E1,0.6316013891026124,0.141879373,1,5.825602225082634,BF-NAPE,no hit
GCLM,0.7453735449668475,0.048967796,1,6.02391636731163,BF-NAPE,no hit
PRKAR2A,0.7470625379191191,0.365326689,3,5.1314558954011265,BF-NAPE,no hit
LGALS3BP,0.7487555663316845,0.0016062875,2,5.879417653371069,BF-NAPE,enriched candidate
RPS11,0.7577565442770371,0.18350918500000002,3,6.1767614281829,BF-NAPE,no hit
RALA,0.7611700269116715,0.2209250715,2,5.210716624586713,BF-NAPE,no hit
FDFT1,0.810999814435611,0.34819793200000004,2,5.274922425019821,BF-NAPE,no hit
RFC2,0.8231669041045047,5.86348079e-4,3,5.049536790230659,BF-NAPE,enriched hit
PSMD14,0.8460603560732278,0.015852492,1,5.687648721246124,BF-NAPE,no hit
EIF3CL,0.891285927048727,0.009032742,1,6.406602520720608,BF-NAPE,no hit
SEL1L,0.950757734739921,0.0041025,1,4.873322963684924,BF-NAPE,no hit
SSBP1,0.9911872276399871,4.929356667066667e-4,3,6.011864587018151,BF-NAPE,enriched hit
PPP2CA,1.1215214965903804,4.5037350040900005e-4,2,5.804777100325069,BF-NAPE,enriched candidate
RCN2,1.2655657902977657,2.09e-5,1,5.3408847237547175,BF-NAPE,no hit
APRT,1.61836879880999,0.18241259982233332,3,6.160678148675388,BF-NAPE,no hit
LOC100605420; LOC101841064; LOC109045122; LOC109900071; LOC110502952; LOC111158085; LOC112259300; LOC113080025; LOC113938310; LOC118890498; rpl38; Rpl38; RPL38,1.6281358696824744,1e-17,1,6.409735318328208,BF-NAPE,no hit
BLMH,1.698558241814895,3.53e-14,1,5.721887261507168,BF-NAPE,no hit
TIMM50,1.8199726699434207,0.30624223266666667,3,5.245097787325392,BF-NAPE,no hit
PC,1.8545233649866057,0.36611959800000005,3,5.703298795604405,BF-NAPE,no hit
CNP,1.8651995079545132,0.152194481,3,5.520983085213228,BF-NAPE,no hit
MIF,1.993154877296894,0.35105729966666666,3,6.0308142359522385,BF-NAPE,no hit
HDLBP,2.122438742361909,0.239306182,3,5.984318742556148,BF-NAPE,no hit
CDK5,2.158821367115286,0.33361446866666666,3,5.108598722639914,BF-NAPE,no hit
SAR1B,2.180622526564795,0.213705493,3,4.857851053019448,BF-NAPE,no hit
CAPG,2.238758715725718,0.390168468,3,5.301298553136374,BF-NAPE,no hit
CD147,2.3962332938906834,1e-17,3,6.373869130743846,BF-NAPE,enriched hit
SNRPF,2.3993349934527033,0.07805267800000001,3,5.3580049023198555,BF-NAPE,no hit
RRBP1,2.491235074863427,0.276664585,3,5.395558592780161,BF-NAPE,no hit
RFC5,2.57337233735188,5.0260000000005004e-5,2,5.72579416505959,BF-NAPE,enriched candidate
PMVK,2.7661755178567335,1e-17,1,5.1883468392034136,BF-NAPE,no hit
SNX12,2.8141540001183194,0.043244907,2,5.43560041231336,BF-NAPE,no hit
PUS7,2.828517589034621,0.085984125,2,5.090778751860246,BF-NAPE,no hit
AKR1A1,2.916196372726564,0.1587185935,2,5.247456448374036,BF-NAPE,no hit
MCAM,2.9362063387677906,0.0977681705,2,5.6107338282480335,BF-NAPE,no hit
CD44,3.0519886133669503,8.766666966000001e-9,3,5.249060018709291,BF-NAPE,enriched hit
TGFBI,3.2273252704601005,0.06733426450000002,2,5.1961115397387365,BF-NAPE,no hit
EIF4A3,3.2773657768742024,0.018374702500000006,2,5.621556269295303,BF-NAPE,no hit
STAG2,3.4002797483489906,0.012685786000000004,2,4.634150056322022,BF-NAPE,no hit
THOP1,3.4368865344998922,0.003218204000000005,2,5.242482688730513,BF-NAPE,enriched candidate
CCN1,6.216102301260915,1e-17,1,-Inf,BF-NAPE,no hit
COPS3,6.216102301260915,1e-17,1,-Inf,BF-NAPE,no hit
CPNE2,6.216102301260915,1e-17,1,-Inf,BF-NAPE,no hit
DRG2,6.216102301260915,1e-17,1,-Inf,BF-NAPE,no hit
EMG1,6.216102301260915,1e-17,1,-Inf,BF-NAPE,no hit
EML3; MTA2,6.216102301260915,1e-17,1,-Inf,BF-NAPE,no hit
GRPEL1,6.216102301260915,1e-17,1,-Inf,BF-NAPE,no hit
ITGAV,6.216102301260915,1e-17,1,-Inf,BF-NAPE,no hit
MAPK1,6.216102301260915,1e-17,1,-Inf,BF-NAPE,no hit
MVP,6.216102301260915,1e-17,1,-Inf,BF-NAPE,no hit
NCAPH,6.216102301260915,1e-17,1,-Inf,BF-NAPE,no hit
POLR1C,6.216102301260915,1e-17,1,-Inf,BF-NAPE,no hit
RAB8A,6.216102301260915,1e-17,1,-Inf,BF-NAPE,no hit
SUPT6H,6.216102301260915,1e-17,1,-Inf,BF-NAPE,no hit
