"","...1","gene_name","AveExpr","logFC","pvalue","fdr","hit_annotation","LipidProbe"
"1",1130,"SDF4",24.6364005,0.977972915,1.48e-05,0.016719865,"enriched hit","Sph"
"2",1131,"VARS",26.48736472,-0.712828994,4.68e-05,0.026400548,"no hit","Sph"
"3",1132,"PDCL3",23.30340468,-0.814868357,9.96e-05,0.028159892,"no hit","Sph"
"4",1133,"ALDH7A1",26.35839581,0.621035728,0.000108,0.028159892,"enriched hit","Sph"
"5",1134,"IPO9",25.43866451,-0.634190458,0.000171,0.028159892,"no hit","Sph"
"6",1135,"AKR1C3",24.85935729,-0.945056715,0.000176,0.028159892,"no hit","Sph"
"7",1136,"ARF4",24.81118901,-0.552031029,0.000195,0.028159892,"no hit","Sph"
"8",1137,"PCNA",25.81747949,-0.749478776,0.000204,0.028159892,"no hit","Sph"
"9",1138,"TPI1",24.6695963,-0.980263387,0.000266,0.028159892,"no hit","Sph"
"10",1139,"ERAP1",24.95592321,0.704443589,0.000305,0.028159892,"enriched hit","Sph"
"11",1140,"PGK1",25.26150137,-0.90300971,0.000306,0.028159892,"no hit","Sph"
"12",1141,"XPO5",25.07114794,-0.638169388,0.000316,0.028159892,"no hit","Sph"
"13",1142,"PA2G4",24.67177874,-0.58737662,0.000352,0.028159892,"no hit","Sph"
"14",1143,"IPO7",26.7927866,-0.576456284,0.000371,0.028159892,"no hit","Sph"
"15",1144,"AHCY",26.02569742,-0.775280839,0.000376,0.028159892,"no hit","Sph"
"16",1145,"GMPS",24.99544136,-0.774871001,0.000415,0.028159892,"no hit","Sph"
"17",1146,"CTSA",24.61293272,0.635931501,0.000424,0.028159892,"enriched hit","Sph"
"18",1147,"CAD",26.29453456,-0.581000505,0.000535,0.029597598,"no hit","Sph"
"19",1148,"VPS29",24.9049838,-0.498034261,0.000554,0.029597598,"no hit","Sph"
"20",1149,"POLDIP2",24.50528508,0.467906131,0.000597,0.029597598,"no hit","Sph"
"21",1150,"RRM1",24.98540766,-0.749706119,0.000617,0.029597598,"no hit","Sph"
"22",1151,"CLIC4",25.87060115,-0.762913307,0.000621,0.029597598,"no hit","Sph"
"23",1152,"CLUH",23.2906275,-0.515436428,0.000654,0.029597598,"no hit","Sph"
"24",1153,"STAT3",23.97756318,-0.521083811,0.000672,0.029597598,"no hit","Sph"
"25",1154,"UQCRC1",25.60646087,0.535393104,0.000707,0.029597598,"no hit","Sph"
"26",1155,"FASN",26.77571339,-0.642718665,0.000715,0.029597598,"no hit","Sph"
"27",1156,"ISYNA1",22.58170568,-0.699718247,0.000718,0.029597598,"no hit","Sph"
"28",1157,"RRBP1",26.85760593,0.51672377,0.000734,0.029597598,"no hit","Sph"
"29",1158,"PGAM1",24.25970211,-0.845193775,0.000784,0.030526305,"no hit","Sph"
"30",1159,"PLEC",30.17776006,0.434149289,0.000884,0.032083173,"no hit","Sph"
"31",1160,"SQRDL",23.94843896,0.514446639,0.000922,0.032083173,"no hit","Sph"
"32",1161,"FDPS",23.99364811,-0.662397249,0.000994,0.032083173,"no hit","Sph"
"33",1162,"NPLOC4",25.60024248,-0.422862349,0.001028358,0.032083173,"no hit","Sph"
"34",1163,"DLST",25.16109547,0.44778593,0.001028464,0.032083173,"no hit","Sph"
"35",1164,"SEC31A",25.59076225,-0.450596327,0.00105619,0.032083173,"no hit","Sph"
"36",1165,"EIF4A1",25.07161476,-0.534583014,0.001072025,0.032083173,"no hit","Sph"
"37",1166,"HSPA5",27.7993791,0.595425443,0.001077499,0.032083173,"enriched hit","Sph"
"38",1167,"CSPG4",25.47370419,0.569311829,0.00110735,0.032083173,"no hit","Sph"
"39",1168,"HSP90B1",28.07744807,0.550628774,0.001108276,0.032083173,"no hit","Sph"
"40",1169,"GOT1",25.27908275,-0.903816405,0.001159378,0.032436002,"no hit","Sph"
"41",1170,"NIP7",23.04922445,0.885143591,0.001192227,0.032436002,"enriched hit","Sph"
"42",1171,"PPIA",26.0444885,-0.794181525,0.001209555,0.032436002,"no hit","Sph"
"43",1172,"GDI2",25.0290515,-0.822766525,0.001235384,0.032436002,"no hit","Sph"
"44",1173,"XPNPEP1",24.36688288,-0.831115682,0.00130209,0.033410436,"no hit","Sph"
"45",1174,"MAPK1",24.28675501,-0.616887099,0.001373923,0.033787218,"no hit","Sph"
"46",1175,"COPG1",25.62996911,-0.426270578,0.001429408,0.033787218,"no hit","Sph"
"47",1176,"PMPCA",23.33791098,0.444762849,0.001430179,0.033787218,"no hit","Sph"
"48",1177,"EEA1",26.68827793,0.412118419,0.001458471,0.033787218,"no hit","Sph"
"49",1178,"UBA1",26.69602389,-0.652492554,0.001494946,0.033787218,"no hit","Sph"
"50",1179,"CDK6",23.9131907,-0.546348052,0.001506036,0.033787218,"no hit","Sph"
"51",1180,"PLOD3",25.0753648,0.50886631,0.001526261,0.033787218,"no hit","Sph"
"52",1181,"XPOT",23.82737793,-0.711656748,0.001618705,0.034646969,"no hit","Sph"
"53",1182,"TTF2",23.5456566,-0.550590355,0.001626474,0.034646969,"no hit","Sph"
"54",1183,"ACAA2",23.1665058,0.674798221,0.001771678,0.034707486,"enriched hit","Sph"
"55",1184,"HAT1",23.23698111,-0.599564785,0.001793783,0.034707486,"no hit","Sph"
"56",1185,"P4HA2",25.87650646,0.480690045,0.00182919,0.034707486,"no hit","Sph"
"57",1186,"CAND1",25.91112852,-0.493723687,0.001881628,0.034707486,"no hit","Sph"
"58",1187,"BPNT1",24.77634386,-0.804285068,0.00195195,0.034707486,"no hit","Sph"
"59",1188,"PREP",23.64181648,-0.665171034,0.001954952,0.034707486,"no hit","Sph"
"60",1189,"NUCB1",24.65853579,0.651999354,0.001971694,0.034707486,"enriched hit","Sph"
"61",1190,"UGGT1",26.54072499,0.459801454,0.002003733,0.034707486,"no hit","Sph"
"62",1191,"TARS",24.68536668,-0.582355492,0.002023217,0.034707486,"no hit","Sph"
"63",1192,"MALT1",25.83548996,-0.72058706,0.002037023,0.034707486,"no hit","Sph"
"64",1193,"NPEPPS",27.51960478,-0.554301984,0.002048343,0.034707486,"no hit","Sph"
"65",1194,"ETHE1",23.34100177,0.453978838,0.002085734,0.034707486,"no hit","Sph"
"66",1195,"RPLP0",25.19653938,-0.404891563,0.00208677,0.034707486,"no hit","Sph"
"67",1196,"MAPRE3",23.83062805,-0.750318678,0.002105143,0.034707486,"no hit","Sph"
"68",1197,"CUL1",24.14708646,-0.408740537,0.002119618,0.034707486,"no hit","Sph"
"69",1198,"ALDOA",26.8295179,-0.596990487,0.002121184,0.034707486,"no hit","Sph"
"70",1199,"SHMT1",24.00369457,-0.565272578,0.002319721,0.037413792,"no hit","Sph"
"71",1200,"DPP3",25.970941,-0.788856379,0.002390749,0.038016275,"no hit","Sph"
"72",1201,"SMS",25.11270905,-0.621357923,0.002481322,0.038411819,"no hit","Sph"
"73",1202,"UGDH",25.07795093,-0.797684968,0.002483669,0.038411819,"no hit","Sph"
"74",1203,"APP",24.34377031,0.535458897,0.00251892,0.038430546,"no hit","Sph"
"75",1204,"COPA",25.7453921,-0.401128017,0.00257272,0.038728017,"no hit","Sph"
"76",1205,"GART",25.29943026,-0.561201904,0.002609331,0.038762305,"no hit","Sph"
"77",1206,"CCAR2",25.69804534,0.523547608,0.002664177,0.038768055,"no hit","Sph"
"78",1207,"POLR1B",22.29636305,0.578134155,0.002697253,0.038768055,"no hit","Sph"
"79",1208,"P4HA1",26.22614403,0.496456922,0.002765185,0.038768055,"no hit","Sph"
"80",1209,"ACAD9",24.25200025,0.656455617,0.002770182,0.038768055,"enriched hit","Sph"
"81",1210,"SERBP1",24.66806115,-0.46651234,0.002781411,0.038768055,"no hit","Sph"
"82",1211,"NUCB2|Nucb2|HEL-S-109",24.19793587,0.556058435,0.002863747,0.039292565,"no hit","Sph"
"83",1212,"RAB3GAP2",25.04042676,-0.40098153,0.002940298,0.039292565,"no hit","Sph"
"84",1213,"PDCD6IP",26.20974528,-0.683591945,0.002946527,0.039292565,"no hit","Sph"
"85",1214,"SQSTM1",23.311982,0.417793678,0.002976744,0.039292565,"no hit","Sph"
"86",1215,"ENO1",26.39436188,-0.774421764,0.003001119,0.039292565,"no hit","Sph"
"87",1216,"TRAP1",26.26454583,0.400720967,0.003027859,0.039292565,"no hit","Sph"
"88",1217,"P4HB",28.33444301,0.588468276,0.003195435,0.040995973,"enriched hit","Sph"
"89",1218,"LAMB1",26.43260091,0.55467591,0.003277792,0.041580074,"no hit","Sph"
"90",1219,"PFAS",25.76282623,-0.680678404,0.003364594,0.042206963,"no hit","Sph"
"91",1220,"OSBPL1A",23.2296546,-0.779172783,0.00357502,0.044353817,"no hit","Sph"
"92",1221,"IPO5",26.50362658,-0.476388451,0.003636579,0.044487088,"no hit","Sph"
"93",1222,"EEF1D",24.17625473,-0.62392728,0.003683366,0.044487088,"no hit","Sph"
"94",1223,"CLIC1",25.67060636,-0.756995113,0.003760755,0.044487088,"no hit","Sph"
"95",1224,"NRDC",25.27720102,-0.564719479,0.003774474,0.044487088,"no hit","Sph"
"96",1225,"ARMT1",25.17632472,-0.772984483,0.003782782,0.044487088,"no hit","Sph"
"97",1226,"TRIP11",26.06077269,0.456332722,0.003923598,0.045447478,"no hit","Sph"
"98",1227,"PRDX3",25.98114716,0.698232152,0.003990363,0.045447478,"enriched hit","Sph"
"99",1228,"PSMA7",24.51693724,-0.432956363,0.004007928,0.045447478,"no hit","Sph"
"100",1229,"PARVA",23.25248524,-0.449840782,0.004122865,0.045447478,"no hit","Sph"
"101",1230,"PDIA3",26.67927406,0.50512479,0.00413139,0.045447478,"no hit","Sph"
"102",1231,"XPO7",23.86133906,-0.475585305,0.004137991,0.045447478,"no hit","Sph"
"103",1232,"MPRIP",24.64023593,0.473267534,0.004146227,0.045447478,"no hit","Sph"
"104",1233,"TXNDC5",26.12324208,0.392525833,0.004206451,0.045483262,"no hit","Sph"
"105",1234,"EIF5A2|EIF5A|EIF5AL1",23.63865226,-0.81021377,0.004265625,0.045483262,"no hit","Sph"
"106",1235,"LMNB2",25.49513176,0.606227954,0.004270351,0.045483262,"enriched hit","Sph"
"107",1236,"LMAN1",24.50102633,0.605708683,0.004356179,0.045607121,"enriched hit","Sph"
"108",1237,"ETF1",24.41564832,-0.536877169,0.004394786,0.045607121,"no hit","Sph"
"109",1238,"RSF1",20.95213476,0.927381745,0.004466507,0.045607121,"enriched hit","Sph"
"110",1239,"ABCE1",23.28874611,-0.700529463,0.004538806,0.045607121,"no hit","Sph"
"111",1240,"COLGALT1",25.93749386,0.45931685,0.004541123,0.045607121,"no hit","Sph"
"112",1241,"KTN1",27.37087049,0.609344762,0.004560341,0.045607121,"enriched hit","Sph"
"113",1242,"FAT1",24.29099943,0.352932438,0.004638838,0.045607121,"no hit","Sph"
"114",1243,"LMNB1",26.69609586,0.566975636,0.004674096,0.045607121,"no hit","Sph"
"115",1244,"GLB1",24.99454951,0.363242734,0.004708761,0.045607121,"no hit","Sph"
"116",1245,"KIF20B",23.45444913,0.468008895,0.004749349,0.045607121,"no hit","Sph"
"117",1246,"PKM",27.47717215,-0.783164646,0.004789529,0.045607121,"no hit","Sph"
"118",1247,"PSME2",24.38085606,-0.558425384,0.004897627,0.045607121,"no hit","Sph"
"119",1248,"ATIC",24.15756255,-0.599303229,0.00493084,0.045607121,"no hit","Sph"
"120",1249,"LGMN",23.63989109,0.47623063,0.004931415,0.045607121,"no hit","Sph"
"121",1250,"IDH3B",23.13146069,0.363237816,0.004940155,0.045607121,"no hit","Sph"
"122",1251,"NARS",24.11617905,-0.709162816,0.004957766,0.045607121,"no hit","Sph"
"123",1252,"ACOT9",22.86659664,0.476192481,0.004968712,0.045607121,"no hit","Sph"
"124",1253,"TXNRD1",25.99941019,-0.657275314,0.00505933,0.046064381,"no hit","Sph"
"125",1254,"FKBP4",24.98116491,-0.673965813,0.005183864,0.046820657,"no hit","Sph"
"126",1255,"DARS2",23.67859763,0.413776059,0.005280594,0.046911974,"no hit","Sph"
"127",1256,"ANXA1",25.09406498,-0.778278547,0.005354628,0.046911974,"no hit","Sph"
"128",1257,"LMNA",27.10057535,0.542876845,0.005393285,0.046911974,"no hit","Sph"
"129",1258,"PSMC5",22.27046332,-0.338353887,0.005394754,0.046911974,"no hit","Sph"
"130",1259,"DNMT1",24.1483543,-0.330634678,0.005433343,0.046911974,"no hit","Sph"
"131",1260,"FKBP10",25.85896973,0.39742161,0.005443285,0.046911974,"no hit","Sph"
"132",1261,"CAPN2",25.4686576,-0.797997787,0.005494454,0.046994234,"no hit","Sph"
"133",1262,"NUMA1",27.17927053,0.596579366,0.005569235,0.047275686,"enriched hit","Sph"
"134",1263,"GLRX5",24.65147375,0.347904658,0.005623435,0.047355322,"no hit","Sph"
"135",1264,"YWHAQ",25.47366136,-0.705815737,0.005662505,0.047355322,"no hit","Sph"
"136",1265,"MTHFD1",24.94027577,-0.431664635,0.005744664,0.04768916,"no hit","Sph"
"137",1266,"ACTR1A",23.45690699,-0.507059719,0.00581321,0.047778536,"no hit","Sph"
"138",1267,"SOD2",24.94136061,0.980452283,0.005840069,0.047778536,"enriched hit","Sph"
"139",1268,"PCBP2",23.4093285,-0.39687145,0.006106103,0.049595613,"no hit","Sph"
"140",1269,"KIF5B",25.47443787,-0.496794409,0.006264861,0.050521632,"no hit","Sph"
"141",1270,"KDELC2",23.53406663,0.552164475,0.006632036,0.052055363,"no hit","Sph"
"142",1271,"PSMC2",24.52920763,-0.366959152,0.006635568,0.052055363,"no hit","Sph"
"143",1272,"PSMA1",25.0827848,-0.428644753,0.006695484,0.052055363,"no hit","Sph"
"144",1273,"TUFM",26.16212037,0.315915068,0.006716732,0.052055363,"no hit","Sph"
"145",1274,"GOLIM4",23.6025322,0.633783267,0.006721764,0.052055363,"enriched candidate","Sph"
"146",1275,"TMEM189-UBE2V1|UBE2V1",23.96119749,-0.762929485,0.006731694,0.052055363,"no hit","Sph"
"147",1276,"TXNL1",23.70176853,-0.578388092,0.006952078,0.053393852,"no hit","Sph"
"148",1277,"NAE1",22.92490218,-0.741830597,0.007550653,0.057320874,"no hit","Sph"
"149",1278,"ME2",24.41599884,0.409446066,0.007592549,0.057320874,"no hit","Sph"
"150",1279,"UPP1",23.68665798,-0.598324045,0.007615705,0.057320874,"no hit","Sph"
"151",1280,"CRTAP",25.22567992,0.364343428,0.007818451,0.058028397,"no hit","Sph"
"152",1281,"GANAB",26.9567856,0.377039173,0.007875633,0.058028397,"no hit","Sph"
"153",1282,"IDE",26.21609025,-0.384325052,0.007907969,0.058028397,"no hit","Sph"
"154",1283,"PTER",23.31268176,-0.649651063,0.007945339,0.058028397,"no hit","Sph"
"155",1284,"MDH2",26.87334092,0.377916516,0.007966698,0.058028397,"no hit","Sph"
"156",1285,"SRGAP2",23.49091817,-0.398401523,0.008165218,0.058365043,"no hit","Sph"
"157",1286,"UAP1",24.38292074,-0.845749805,0.008225183,0.058365043,"no hit","Sph"
"158",1287,"AIFM1",24.40915591,0.472534353,0.008259191,0.058365043,"no hit","Sph"
"159",1288,"LANCL2",23.56784205,-0.427869553,0.008261798,0.058365043,"no hit","Sph"
"160",1289,"PPID",24.06294113,-0.703717042,0.00832922,0.058365043,"no hit","Sph"
"161",1290,"PFN1",25.24771612,-0.794442494,0.008334764,0.058365043,"no hit","Sph"
"162",1291,"RRM2",24.1339693,-0.77548387,0.00841694,0.058365043,"no hit","Sph"
"163",1292,"CUL3",23.9171607,-0.381972125,0.008436183,0.058365043,"no hit","Sph"
"164",1293,"USO1",25.49590708,-0.439516474,0.008478182,0.058365043,"no hit","Sph"
"165",1294,"TSN",24.11027704,-0.481191755,0.008714521,0.059379904,"no hit","Sph"
"166",1295,"HK1",24.34886848,0.328742797,0.008743437,0.059379904,"no hit","Sph"
"167",1296,"SFPQ",24.82648949,0.318134646,0.008783387,0.059379904,"no hit","Sph"
"168",1297,"PPP5C",25.44367919,-0.619781178,0.009120766,0.061293721,"no hit","Sph"
"169",1298,"ANP32B",24.63200684,-0.696811428,0.009257083,0.061552219,"no hit","Sph"
"170",1299,"P3H1",25.26243882,0.376706029,0.009320111,0.061552219,"no hit","Sph"
"171",1300,"BZW1",24.37007834,-0.450181108,0.009371618,0.061552219,"no hit","Sph"
"172",1301,"DIS3",23.371729,-0.453144751,0.009433718,0.061552219,"no hit","Sph"
"173",1302,"ALDH18A1",25.08641322,0.465593797,0.009449713,0.061552219,"no hit","Sph"
"174",1303,"UBR4",23.81804504,-0.413310291,0.009486347,0.061552219,"no hit","Sph"
"175",1304,"HADH",23.76620884,0.362698447,0.009657016,0.061747657,"no hit","Sph"
"176",1305,"DSTN",23.36561117,-0.524942807,0.009679926,0.061747657,"no hit","Sph"
"177",1306,"PCBP1",24.336631,-0.380565298,0.009711786,0.061747657,"no hit","Sph"
"178",1307,"SF3A3",23.33333994,0.577311932,0.009736369,0.061747657,"no hit","Sph"
"179",1308,"PAOX",22.85580752,0.442593155,0.009841006,0.061747657,"no hit","Sph"
"180",1309,"SDHA",25.70603142,0.448382616,0.009844622,0.061747657,"no hit","Sph"
"181",1310,"STRAP",25.26821353,-0.454249871,0.009948879,0.061869666,"no hit","Sph"
"182",1311,"hCG_2039566|A0A0U1RRH7|HIST1H2AB|HIST1H2AG|HIST1H2AD|HIST2H2AC|HIST2H2AA3|HIST3H2A|HIST1H2AC|HIST1H2AH|HIST1H2AJ|H2AFJ",24.64457084,0.50746559,0.01000183,0.061869666,"no hit","Sph"
"183",1312,"PHYHIPL",23.67436146,-0.427680542,0.010028476,0.061869666,"no hit","Sph"
"184",1313,"CDC123",23.16679344,-0.478697394,0.010260655,0.0628072,"no hit","Sph"
"185",1314,"HYOU1",25.26850883,0.444074123,0.010300248,0.0628072,"no hit","Sph"
"186",1315,"CLYBL",24.39323384,0.454242211,0.010347333,0.0628072,"no hit","Sph"
"187",1316,"PSME3",23.58174067,-0.352090469,0.010655192,0.063824374,"no hit","Sph"
"188",1317,"HSPD1",27.47745778,0.613078614,0.010721394,0.063824374,"enriched candidate","Sph"
"189",1318,"ANP32A",25.17743497,-0.701043978,0.010775036,0.063824374,"no hit","Sph"
"190",1319,"NME1-NME2|NME2",26.00199755,-0.534420822,0.010794095,0.063824374,"no hit","Sph"
"191",1320,"YWHAH",24.98488383,-0.574973884,0.010797569,0.063824374,"no hit","Sph"
"192",1321,"PPA1",24.55353356,-0.856047812,0.010997758,0.064532969,"no hit","Sph"
"193",1322,"MATR3",26.13665025,0.388738546,0.011031765,0.064532969,"no hit","Sph"
"194",1323,"SUCLG2",26.2128193,0.328212779,0.011196455,0.064684069,"no hit","Sph"
"195",1324,"NSUN2",23.26195757,-0.372869527,0.011200852,0.064684069,"no hit","Sph"
"196",1325,"CALR",27.90163873,0.872548692,0.011248243,0.064684069,"enriched candidate","Sph"
"197",1326,"PSMB5",23.5758153,-0.364899189,0.011348034,0.064684069,"no hit","Sph"
"198",1327,"CFL1",25.35732764,-0.501194703,0.011358633,0.064684069,"no hit","Sph"
"199",1328,"PDPR",22.29102461,0.390315285,0.011401355,0.064684069,"no hit","Sph"
"200",1329,"HSP90AA1",27.6626972,-0.457928806,0.011620846,0.065460931,"no hit","Sph"
"201",1330,"S100A10",22.84069786,0.450266023,0.011654249,0.065460931,"no hit","Sph"
"202",1331,"UBE3A",23.99003748,-0.45759373,0.012018676,0.06704166,"no hit","Sph"
"203",1332,"ENOPH1",23.14654759,-0.54564048,0.012054435,0.06704166,"no hit","Sph"
"204",1333,"PYCR1",22.73199066,0.414576358,0.012197436,0.067504439,"no hit","Sph"
"205",1334,"GSS",24.50215916,-0.836013421,0.012300132,0.067740728,"no hit","Sph"
"206",1335,"CYB5R3",22.68479323,0.649944744,0.01244708,0.068217248,"enriched candidate","Sph"
"207",1336,"GUSB",24.42705336,0.389855813,0.012637213,0.068924705,"no hit","Sph"
"208",1337,"TTC38",22.84186472,-0.685471406,0.01281423,0.069554164,"no hit","Sph"
"209",1338,"RSL1D1",24.13297784,0.367861657,0.012944534,0.069925257,"no hit","Sph"
"210",1339,"MTPN",23.75487257,-0.771392789,0.013186706,0.070894243,"no hit","Sph"
"211",1340,"COPB2",25.63256314,-0.405465727,0.013381594,0.071137017,"no hit","Sph"
"212",1341,"MARS2",23.23500873,0.381129063,0.013422467,0.071137017,"no hit","Sph"
"213",1342,"NCL",27.60506092,0.389584752,0.013450707,0.071137017,"no hit","Sph"
"214",1343,"RAN",25.65195822,-0.461500642,0.013501526,0.071137017,"no hit","Sph"
"215",1344,"PPP2CB",24.14355689,-0.29682806,0.013546908,0.071137017,"no hit","Sph"
"216",1345,"SCP2",24.60372574,0.360495147,0.013950488,0.072917134,"no hit","Sph"
"217",1346,"GSPT1",25.52726538,-0.434287619,0.014088292,0.073218944,"no hit","Sph"
"218",1347,"MAGOH|MAGOHB",24.94133079,0.393882243,0.0142937,0.073218944,"no hit","Sph"
"219",1348,"ERH",24.34124714,0.355602498,0.014311983,0.073218944,"no hit","Sph"
"220",1349,"HSPA4",25.79447589,-0.618600639,0.014407345,0.073218944,"no hit","Sph"
"221",1350,"PMPCB",24.78102832,0.295796557,0.014490088,0.073218944,"no hit","Sph"
"222",1351,"HPRT1",25.2100634,-0.772638043,0.014536154,0.073218944,"no hit","Sph"
"223",1352,"DNAJA1",24.60173045,-0.473813453,0.014584769,0.073218944,"no hit","Sph"
"224",1353,"PPP2R2A",23.96691811,-0.686930675,0.014638936,0.073218944,"no hit","Sph"
"225",1354,"LARS",26.22625582,-0.303043392,0.014639411,0.073218944,"no hit","Sph"
"226",1355,"GFM1",26.69446122,0.422179485,0.014711359,0.073218944,"no hit","Sph"
"227",1356,"HNRNPA1",25.9474583,0.475081516,0.014856273,0.073218944,"no hit","Sph"
"228",1357,"HSP90AB1",27.42486383,-0.559694354,0.014892636,0.073218944,"no hit","Sph"
"229",1358,"PSMA4",24.28454376,-0.433965406,0.014961952,0.073218944,"no hit","Sph"
"230",1359,"ATXN10",24.30827104,-0.475026441,0.014967033,0.073218944,"no hit","Sph"
"231",1360,"PRKAR1A",24.79359409,-0.30217355,0.014983308,0.073218944,"no hit","Sph"
"232",1361,"ATP6V1A",25.64069835,0.319058034,0.015045877,0.073218944,"no hit","Sph"
"233",1362,"PRMT5",24.5643371,-0.395175118,0.01518338,0.07357097,"no hit","Sph"
"234",1363,"COQ9",24.24629733,0.327219117,0.015249255,0.073574397,"no hit","Sph"
"235",1364,"PYGL",25.08190944,-0.327663509,0.01540999,0.074033528,"no hit","Sph"
"236",1365,"ANP32E",23.54362236,-0.725456603,0.015654931,0.074830566,"no hit","Sph"
"237",1366,"PDIA4",28.07061429,0.67604056,0.015708454,0.074830566,"enriched candidate","Sph"
"238",1367,"GLOD4",24.0816712,-0.780359833,0.015826866,0.07504462,"no hit","Sph"
"239",1368,"ARHGDIA",24.12230401,-0.680251391,0.015886328,0.07504462,"no hit","Sph"
"240",1369,"PRDX6",25.4725995,-1.210520138,0.015967033,0.075111586,"no hit","Sph"
"241",1370,"CARM1",23.19149377,-0.430882362,0.016071144,0.07528764,"no hit","Sph"
"242",1371,"SYNE1",23.07911272,0.314584032,0.016409604,0.076555551,"no hit","Sph"
"243",1372,"NUDT5",24.50728167,-0.648102662,0.016804705,0.078018451,"no hit","Sph"
"244",1373,"TPR",24.92379368,0.308410571,0.016861384,0.078018451,"no hit","Sph"
"245",1374,"PGM2",24.46165096,-0.634455073,0.017036675,0.078426156,"no hit","Sph"
"246",1375,"RPL23",23.6324479,-0.327201199,0.017109355,0.078426156,"no hit","Sph"
"247",1376,"VIM",28.38709871,0.4815702,0.017157892,0.078426156,"no hit","Sph"
"248",1377,"HNRNPUL2-BSCL2|HNRNPUL2",26.35110155,0.315959422,0.017280661,0.078668813,"no hit","Sph"
"249",1378,"ATP6V0D1",24.76842963,0.428324938,0.017627421,0.079830311,"no hit","Sph"
"250",1379,"HSD17B10",24.62151853,0.328584944,0.017677217,0.079830311,"no hit","Sph"
"251",1380,"EEF1G",26.57074363,-0.531789612,0.017988582,0.080912786,"no hit","Sph"
"252",1381,"ATP5A1",25.94876416,0.308982444,0.018201253,0.081542515,"no hit","Sph"
"253",1382,"TFRC",24.04391755,0.43736154,0.018273035,0.081542515,"no hit","Sph"
"254",1383,"DDX17",25.58538315,0.260920106,0.018831698,0.083310232,"no hit","Sph"
"255",1384,"MGEA5",25.36418102,-0.463318301,0.018887491,0.083310232,"no hit","Sph"
"256",1385,"SAE1",23.64811953,-0.635904949,0.018907108,0.083310232,"no hit","Sph"
"257",1386,"UBA6",24.86656139,-0.472223824,0.018964331,0.083310232,"no hit","Sph"
"258",1387,"HIST1H4A",25.69872852,0.4723238,0.019243993,0.083922963,"no hit","Sph"
"259",1388,"COL4A3BP",23.71716999,-0.349892529,0.019281588,0.083922963,"no hit","Sph"
"260",1389,"ACLY",27.20886368,-0.484596139,0.019326812,0.083922963,"no hit","Sph"
"261",1390,"DNAJC7",23.67294842,-0.37977186,0.019476431,0.084248623,"no hit","Sph"
"262",1391,"NAXE",23.46283878,-0.506812004,0.020274511,0.087366117,"no hit","Sph"
"263",1392,"MSH2",23.10193997,-0.307924619,0.020508657,0.088039064,"no hit","Sph"
"264",1393,"DDX21",25.39703054,0.293697488,0.021083815,0.090165254,"no hit","Sph"
"265",1394,"AARS",25.88023515,-0.97034527,0.021399793,0.090536136,"no hit","Sph"
"266",1395,"GALE",23.60955178,-0.602386759,0.021444269,0.090536136,"no hit","Sph"
"267",1396,"PDHA1",25.88857428,0.300543793,0.021451322,0.090536136,"no hit","Sph"
"268",1397,"ACACA",23.69017146,-0.36423461,0.021536297,0.090536136,"no hit","Sph"
"269",1398,"CAPNS1",24.80582275,-0.667596765,0.021571497,0.090536136,"no hit","Sph"
"270",1399,"TLN2",23.36765336,-0.307171046,0.021682899,0.090666642,"no hit","Sph"
"271",1400,"GSTP1",25.19206289,-0.84494078,0.022018936,0.091732026,"no hit","Sph"
"272",1401,"EEF1B2",25.50556412,-0.629253212,0.022264088,0.092412337,"no hit","Sph"
"273",1402,"SERPINH1",25.74321569,0.331148695,0.022508339,0.092864285,"no hit","Sph"
"274",1403,"BUB3",23.69491118,-0.50039193,0.022633139,0.092864285,"no hit","Sph"
"275",1404,"PPP1CC",23.49793012,0.325108276,0.022647204,0.092864285,"no hit","Sph"
"276",1405,"ATP6V1B2",24.51301289,0.254435776,0.022774095,0.092864285,"no hit","Sph"
"277",1406,"NUDT21",23.80826572,0.321637417,0.022798157,0.092864285,"no hit","Sph"
"278",1407,"PSMD2",26.42115381,-0.388986282,0.022866494,0.092864285,"no hit","Sph"
"279",1408,"NDUFAF7",23.54317048,0.318289767,0.022981944,0.092998619,"no hit","Sph"
"280",1409,"HSPA9",27.48124771,0.350602628,0.023279413,0.093734699,"no hit","Sph"
"281",1410,"RABGGTB",23.81776904,-0.533899117,0.023329894,0.093734699,"no hit","Sph"
"282",1411,"HNRNPC",26.48697503,0.49524132,0.023443835,0.09380117,"no hit","Sph"
"283",1412,"ITGB3",22.83446884,0.5986747,0.023512605,0.09380117,"enriched candidate","Sph"
"284",1413,"HMGN1",24.37669304,0.465041383,0.023834707,0.094751353,"no hit","Sph"
"285",1414,"CTSB",24.31622665,0.440258287,0.024078904,0.095078365,"no hit","Sph"
"286",1415,"OTULIN",23.81047485,-0.448010968,0.024085396,0.095078365,"no hit","Sph"
"287",1416,"SF3A1",24.17329489,0.267032701,0.024406679,0.095545343,"no hit","Sph"
"288",1417,"LRPPRC",27.28294095,0.418898333,0.024410445,0.095545343,"no hit","Sph"
"289",1418,"HLA-C",23.57709682,0.395951115,0.024457577,0.095545343,"no hit","Sph"
"290",1419,"PES1",25.06740236,0.442937894,0.024730636,0.096278926,"no hit","Sph"
"291",1420,"PPP3CA",23.8414358,-0.434731608,0.024869295,0.096486029,"no hit","Sph"
"292",1421,"EEF1A1|EEF1A1P5",25.11173349,-0.641598936,0.025190178,0.096926921,"no hit","Sph"
"293",1422,"ALDH1A1",26.96255838,-0.602166257,0.025256938,0.096926921,"no hit","Sph"
"294",1423,"SARNP",23.51798699,0.347089806,0.025376375,0.096926921,"no hit","Sph"
"295",1424,"GLDC",24.70432284,0.335509904,0.025559758,0.096926921,"no hit","Sph"
"296",1425,"MRPL20",22.87979805,0.352726486,0.025602415,0.096926921,"no hit","Sph"
"297",1426,"CSE1L",26.33966895,-0.721202055,0.025646602,0.096926921,"no hit","Sph"
"298",1427,"PPP6C",24.19445428,-0.323894196,0.025657632,0.096926921,"no hit","Sph"
"299",1428,"PSME1",24.47765908,-0.384273938,0.025681801,0.096926921,"no hit","Sph"
"300",1429,"GOT2",26.238535,0.285525799,0.025785814,0.096926921,"no hit","Sph"
"301",1430,"QARS",23.47110537,-0.358095448,0.025871695,0.096926921,"no hit","Sph"
"302",1431,"ASNS",24.74727858,-0.668567535,0.025964303,0.096926921,"no hit","Sph"
"303",1432,"MRPL19",22.62995669,0.400941138,0.026064424,0.096926921,"no hit","Sph"
"304",1433,"PLOD2",25.00400767,0.309335441,0.026177963,0.096926921,"no hit","Sph"
"305",1434,"FLNC",28.83392128,-0.274225536,0.026207097,0.096926921,"no hit","Sph"
"306",1435,"CDK2",22.82026486,-0.383365891,0.02632352,0.096926921,"no hit","Sph"
"307",1436,"TNPO2",24.47867128,-0.389564445,0.026356567,0.096926921,"no hit","Sph"
"308",1437,"A2M",24.23489362,0.885705284,0.026607869,0.097533392,"enriched candidate","Sph"
"309",1438,"LDHA",26.18440212,-0.438064836,0.027111919,0.0986509,"no hit","Sph"
"310",1439,"ERP44",26.29033858,0.543228113,0.027159069,0.0986509,"no hit","Sph"
"311",1440,"2-Sep",23.74692804,-0.263240321,0.027174872,0.0986509,"no hit","Sph"
"312",1441,"GOLGB1",26.0727124,0.408387969,0.027315864,0.098844906,"no hit","Sph"
"313",1442,"VDAC1",23.40203553,0.617616626,0.027629832,0.099375697,"enriched candidate","Sph"
"314",1443,"UCHL1",25.95944389,-0.985904631,0.027638591,0.099375697,"no hit","Sph"
"315",1444,"SGTA",24.24697168,-0.540817852,0.027781169,0.099571238,"no hit","Sph"
"316",1445,"ADSS",23.04623587,-0.609588576,0.027906653,0.099704467,"no hit","Sph"
"317",1446,"PDIA6",26.99903729,0.540401432,0.028017645,0.099785242,"no hit","Sph"
"318",1447,"DIABLO",23.30022906,0.560578934,0.028461145,0.101046013,"no hit","Sph"
"319",1448,"TXN",23.30491444,-0.588511024,0.028570949,0.101117874,"no hit","Sph"
"320",1449,"PLOD1",24.57823708,0.370259161,0.02883557,0.101433418,"no hit","Sph"
"321",1450,"LARP1",23.11490862,-0.381195552,0.028839794,0.101433418,"no hit","Sph"
"322",1451,"PGAM5",23.17085302,0.641379549,0.02900441,0.101695588,"enriched candidate","Sph"
"323",1452,"TROVE2",23.38666885,-0.451969414,0.029461476,0.102978348,"no hit","Sph"
"324",1453,"COPZ1",23.78401415,-0.385559882,0.029714534,0.103510069,"no hit","Sph"
"325",1454,"ABCF2",23.91337271,-0.361600073,0.029796964,0.103510069,"no hit","Sph"
"326",1455,"TLN1",27.4105613,-0.330351812,0.030010449,0.103931893,"no hit","Sph"
"327",1456,"UQCRC2",24.22298813,0.38244307,0.030268842,0.104506186,"no hit","Sph"
"328",1457,"NACA",23.00272067,-0.606061708,0.030446383,0.104573514,"no hit","Sph"
"329",1458,"SDAD1",22.83948861,0.381042042,0.030473593,0.104573514,"no hit","Sph"
"330",1459,"SPTBN1",27.01489298,0.273622457,0.030861037,0.105582152,"no hit","Sph"
"331",1460,"HNRNPM",25.21701182,0.352652485,0.031071351,0.105839882,"no hit","Sph"
"332",1461,"SSBP1",23.73694077,0.488558078,0.031123863,0.105839882,"no hit","Sph"
"333",1462,"GLUD1",26.01507605,0.367748538,0.031421199,0.10653013,"no hit","Sph"
"334",1463,"CSTF3",22.88077726,0.310954667,0.031535684,0.106598164,"no hit","Sph"
"335",1464,"PFKP",24.7745134,-0.707901792,0.031765197,0.107053454,"no hit","Sph"
"336",1465,"OGDHL",24.3247292,0.288729489,0.032043196,0.107668953,"no hit","Sph"
"337",1466,"LASP1",24.17818505,-0.738650527,0.032290311,0.108177334,"no hit","Sph"
"338",1467,"RPS6KA3",23.60686246,-0.352760595,0.032428002,0.1083172,"no hit","Sph"
"339",1468,"STIP1",26.046421,-0.409070761,0.032633585,0.108661351,"no hit","Sph"
"340",1469,"YWHAB",24.79095125,-0.629757765,0.032748168,0.108661351,"no hit","Sph"
"341",1470,"RNH1",25.01564654,-0.719824633,0.033036138,0.108661351,"no hit","Sph"
"342",1471,"USP5",25.55191316,-0.493659754,0.033069218,0.108661351,"no hit","Sph"
"343",1472,"NAGLU",23.45934918,0.353237759,0.033076642,0.108661351,"no hit","Sph"
"344",1473,"UBE2N",23.35396739,-0.42974367,0.033153561,0.108661351,"no hit","Sph"
"345",1474,"ARCN1",23.45877525,-0.281222615,0.033204753,0.108661351,"no hit","Sph"
"346",1475,"HSPH1",24.91008358,-0.426176531,0.033357641,0.108846177,"no hit","Sph"
"347",1476,"STAT1",22.62535162,-0.516554323,0.033556534,0.109179616,"no hit","Sph"
"348",1477,"ACADM",25.21878506,0.260755292,0.034040184,0.110306611,"no hit","Sph"
"349",1478,"DPYSL3",24.56807218,-0.330954628,0.034284917,0.110306611,"no hit","Sph"
"350",1479,"SIAE",24.20898771,0.498757931,0.034384305,0.110306611,"no hit","Sph"
"351",1480,"CS",25.55567249,0.31339122,0.034435665,0.110306611,"no hit","Sph"
"352",1481,"EIF4G1",26.25758597,-0.394597989,0.034514536,0.110306611,"no hit","Sph"
"353",1482,"HADHA",25.8667038,0.273200719,0.034520912,0.110306611,"no hit","Sph"
"354",1483,"HNRNPA2B1",25.17149151,0.385741693,0.034586838,0.110306611,"no hit","Sph"
"355",1484,"FKBP9",25.91016798,0.285877983,0.034723739,0.110331393,"no hit","Sph"
"356",1485,"ADH5",23.18737424,-0.584135612,0.034790058,0.110331393,"no hit","Sph"
"357",1486,"MAP2K2",23.22602442,-0.60426456,0.035015896,0.110626449,"no hit","Sph"
"358",1487,"CAPN1",23.64984205,-0.385248138,0.035079069,0.110626449,"no hit","Sph"
"359",1488,"VDAC2",22.82293116,0.496215994,0.035292565,0.110989711,"no hit","Sph"
"360",1489,"NDUFS3",23.22069625,0.402074733,0.035594723,0.111629007,"no hit","Sph"
"361",1490,"CPSF1",25.11733966,0.315890249,0.035968001,0.112487183,"no hit","Sph"
"362",1491,"NT5C2",23.53010696,-0.620899424,0.036255005,0.11307155,"no hit","Sph"
"363",1492,"SRM",23.22299772,-0.909837288,0.036777474,0.114385035,"no hit","Sph"
"364",1493,"CBX1",23.56357431,0.395517803,0.037158956,0.11463661,"no hit","Sph"
"365",1494,"RPL27A",23.51004771,-0.328887685,0.037286651,0.11463661,"no hit","Sph"
"366",1495,"FAM129B",24.24135427,-0.440101702,0.037475391,0.11463661,"no hit","Sph"
"367",1496,"NUDCD1",23.04617339,-0.34469497,0.037595664,0.11463661,"no hit","Sph"
"368",1497,"SSB",25.07706026,-0.540485307,0.037622715,0.11463661,"no hit","Sph"
"369",1498,"NXN",23.02273296,-0.472038405,0.037629165,0.11463661,"no hit","Sph"
"370",1499,"EIF4A2",24.50060015,-0.489043416,0.037666019,0.11463661,"no hit","Sph"
"371",1500,"MIA3",22.96343882,0.303138205,0.037670666,0.11463661,"no hit","Sph"
"372",1501,"DNAJA2",23.53562904,-0.335266017,0.03788366,0.11497487,"no hit","Sph"
"373",1502,"DDX39B",22.72371696,0.49650515,0.038452044,0.116040495,"no hit","Sph"
"374",1503,"IMPDH2",25.03159468,-0.517732891,0.038464229,0.116040495,"no hit","Sph"
"375",1504,"CUL5",22.82193016,-0.369437616,0.038606572,0.116040495,"no hit","Sph"
"376",1505,"CAP1",24.37894752,-0.392543783,0.038645905,0.116040495,"no hit","Sph"
"377",1506,"NPM1",26.47973213,0.424043804,0.03886578,0.116374274,"no hit","Sph"
"378",1507,"YWHAZ",25.64543208,-0.697531241,0.03896322,0.116374274,"no hit","Sph"
"379",1508,"LAMC1",23.42881738,0.264233325,0.039327121,0.11691306,"no hit","Sph"
"380",1509,"PPP1R7",24.36167982,-0.719313041,0.03935072,0.11691306,"no hit","Sph"
"381",1510,"KHSRP",24.36414873,0.247169789,0.039706536,0.117611923,"no hit","Sph"
"382",1511,"RAB14",23.44179037,0.354871149,0.039794291,0.117611923,"no hit","Sph"
"383",1512,"PPP4R3A",25.18507185,-0.280083259,0.040084774,0.117731082,"no hit","Sph"
"384",1513,"OLA1",23.34834422,-0.268481478,0.040091357,0.117731082,"no hit","Sph"
"385",1514,"ECH1",24.2698604,0.446007716,0.040223028,0.117731082,"no hit","Sph"
"386",1515,"TKT",26.35852892,-0.784433977,0.040251725,0.117731082,"no hit","Sph"
"387",1516,"TBRG4",22.7466215,0.480027426,0.040515797,0.118197248,"no hit","Sph"
"388",1517,"RBM25",23.61888534,0.500195273,0.041101914,0.119269611,"no hit","Sph"
"389",1518,"HNRNPA3",24.15681121,0.257853072,0.041108205,0.119269611,"no hit","Sph"
"390",1519,"PSMA6",24.30855549,-0.478072884,0.041200309,0.119269611,"no hit","Sph"
"391",1520,"ITGB1",24.91969303,0.419248699,0.041551986,0.119980031,"no hit","Sph"
"392",1521,"PSMC1",23.2575344,-0.271813278,0.042064571,0.121150257,"no hit","Sph"
"393",1522,"TSFM",23.61615802,0.293361791,0.042494498,0.12207707,"no hit","Sph"
"394",1523,"GFAP",25.341514,0.340513965,0.042744108,0.122482482,"no hit","Sph"
"395",1524,"TCEB2",23.96440746,-0.401356186,0.042859793,0.122503055,"no hit","Sph"
"396",1525,"DPP7",23.25854058,0.375411146,0.042972878,0.122516109,"no hit","Sph"
"397",1526,"LEO1",23.33692406,0.282633125,0.043473147,0.122808129,"no hit","Sph"
"398",1527,"NOL11",24.73150765,0.285046395,0.043564062,0.122808129,"no hit","Sph"
"399",1528,"SNRPA1",22.6290114,0.221143301,0.043757296,0.122808129,"no hit","Sph"
"400",1529,"MDH1",24.29711868,-0.503695694,0.043778371,0.122808129,"no hit","Sph"
"401",1530,"DNAJC3",24.1001326,0.340664961,0.043877187,0.122808129,"no hit","Sph"
"402",1531,"DBN1",25.37867417,0.332527643,0.044071626,0.122808129,"no hit","Sph"
"403",1532,"PNPT1",24.19370762,0.35940979,0.044077886,0.122808129,"no hit","Sph"
"404",1533,"PUF60",25.35996268,0.228004861,0.044133369,0.122808129,"no hit","Sph"
"405",1534,"BASP1",23.40128453,0.413384915,0.044334053,0.122808129,"no hit","Sph"
"406",1535,"COPE",23.34221442,-0.293668633,0.044339602,0.122808129,"no hit","Sph"
"407",1536,"CAT",23.70508551,0.553591381,0.044423279,0.122808129,"no hit","Sph"
"408",1537,"OTUB1",23.33824337,-0.452196433,0.044587247,0.122808129,"no hit","Sph"
"409",1538,"PSPC1",23.79266122,0.218548945,0.044591158,0.122808129,"no hit","Sph"
"410",1539,"LRP1",24.07724921,0.372992376,0.044598169,0.122808129,"no hit","Sph"
"411",1540,"RPLP1",24.6355865,-0.351937322,0.044882501,0.123290375,"no hit","Sph"
"412",1541,"YWHAE",26.11833637,-0.626024011,0.045004361,0.123325058,"no hit","Sph"
"413",1542,"NUTF2",24.98268104,-0.423750314,0.045251914,0.123467628,"no hit","Sph"
"414",1543,"HNRNPAB",24.7037425,0.374341805,0.045275109,0.123467628,"no hit","Sph"
"415",1544,"ACAT1",23.51151694,0.28028629,0.045638425,0.123925882,"no hit","Sph"
"416",1545,"FARSB",23.21685413,-0.477722778,0.045662681,0.123925882,"no hit","Sph"
"417",1546,"COPB1",24.94954828,-0.30852575,0.045906541,0.124288933,"no hit","Sph"
"418",1547,"DYNC1H1",26.63970633,-0.26140612,0.046135143,0.124609034,"no hit","Sph"
"419",1548,"MYH9",28.12755644,-0.432696445,0.046356304,0.124855617,"no hit","Sph"
"420",1549,"RNPEP",22.56837216,-0.319836863,0.046447617,0.124855617,"no hit","Sph"
"421",1550,"WAPL|WAPAL",22.58096107,0.388670855,0.046952952,0.12591421,"no hit","Sph"
"422",1551,"CPSF2",23.77227602,0.330516734,0.047126288,0.126079572,"no hit","Sph"
"423",1552,"PCCB",25.1067443,0.277340142,0.047369313,0.126430152,"no hit","Sph"
"424",1553,"GFPT1",21.84716162,-0.40167902,0.048091099,0.128053894,"no hit","Sph"
"425",1554,"PGD",26.02101602,-0.510257071,0.048229099,0.128119184,"no hit","Sph"
"426",1555,"OPA1",23.61376233,0.347479562,0.048854133,0.12947492,"no hit","Sph"
"427",1556,"APEH",23.3903407,-0.707932929,0.049501653,0.130883762,"no hit","Sph"
"428",1557,"MTHFD1L",25.28625614,0.365776277,0.049733589,0.131189772,"no hit","Sph"
"429",1558,"SF3B4",23.74059715,0.341684719,0.050305691,0.132389569,"no hit","Sph"
"430",1559,"HK2",26.20438439,0.265546259,0.050429959,0.132398447,"no hit","Sph"
"431",1560,"ACO2",26.76701058,0.32188879,0.050543606,0.132398447,"no hit","Sph"
"432",1561,"SRSF1",25.29244326,0.317341518,0.050934601,0.132972458,"no hit","Sph"
"433",1562,"DRG1",22.57560785,-0.271138469,0.050998294,0.132972458,"no hit","Sph"
"434",1563,"PFN2",23.33224068,-0.433186841,0.051696785,0.134166947,"no hit","Sph"
"435",1564,"RAD23B",25.00900831,-0.556957947,0.05181106,0.134166947,"no hit","Sph"
"436",1565,"CARS",24.49095266,-0.534107266,0.051812922,0.134166947,"no hit","Sph"
"437",1566,"PSMB2",24.16594005,-0.272693359,0.05206587,0.134513427,"no hit","Sph"
"438",1567,"XPO1",26.01131695,-0.326269705,0.052350376,0.134670179,"no hit","Sph"
"439",1568,"STK24",22.14756774,-0.379554742,0.052365109,0.134670179,"no hit","Sph"
"440",1569,"RPL5",24.26626357,-0.377906599,0.053199368,0.136261245,"no hit","Sph"
"441",1570,"HDGF",24.150854,-0.460374434,0.053225163,0.136261245,"no hit","Sph"
"442",1571,"ZFR",24.92568818,0.228358928,0.0533841,0.136358934,"no hit","Sph"
"443",1572,"GRB2",24.383088,-0.441432075,0.053579586,0.136549329,"no hit","Sph"
"444",1573,"RPS12",24.45747647,-0.23778463,0.054154612,0.137703958,"no hit","Sph"
"445",1574,"MAP4",23.92832056,-0.433863954,0.054316141,0.137804322,"no hit","Sph"
"446",1575,"MELTF",23.3346379,0.518327987,0.054907439,0.138692127,"no hit","Sph"
"447",1576,"PTGES3",24.54966673,-0.606820329,0.054911763,0.138692127,"no hit","Sph"
"448",1577,"MRPL38",23.08103121,0.391206177,0.0552126,0.138767016,"no hit","Sph"
"449",1578,"SF3B3",27.06409764,0.406076527,0.055397504,0.138767016,"no hit","Sph"
"450",1579,"MUT",23.6730574,0.312032808,0.0553977,0.138767016,"no hit","Sph"
"451",1580,"CTPS1",24.62475846,-0.47729193,0.055446896,0.138767016,"no hit","Sph"
"452",1581,"F8W031",23.5801157,0.432639541,0.055555971,0.138767016,"no hit","Sph"
"453",1582,"WDR1",26.4694716,-0.335545332,0.056270243,0.140240848,"no hit","Sph"
"454",1583,"RPL30",23.71905338,-0.221921003,0.056506083,0.140518432,"no hit","Sph"
"455",1584,"S100A6",23.50242954,-0.807132059,0.056779458,0.14088793,"no hit","Sph"
"456",1585,"TAGLN2",23.85570885,-0.530394067,0.057036915,0.141216397,"no hit","Sph"
"457",1586,"ST13|ST13P4",24.67260472,-0.42653383,0.05726312,0.141352225,"no hit","Sph"
"458",1587,"TJP1",23.21905228,0.307456883,0.057394056,0.141352225,"no hit","Sph"
"459",1588,"DPYSL2",23.12846694,-0.430475697,0.05747938,0.141352225,"no hit","Sph"
"460",1589,"PEBP1",22.84302931,-0.605957756,0.057870032,0.141352225,"no hit","Sph"
"461",1590,"ATP5B",27.28950456,0.295887257,0.057994926,0.141352225,"no hit","Sph"
"462",1591,"PLS3",25.86558393,-0.287554056,0.057997811,0.141352225,"no hit","Sph"
"463",1592,"IVD",24.17334124,0.303534549,0.058017177,0.141352225,"no hit","Sph"
"464",1593,"PABPN1|BCL2L2",23.67171874,0.259778919,0.058093386,0.141352225,"no hit","Sph"
"465",1594,"NASP",25.21718509,-0.422406073,0.058699133,0.142388835,"no hit","Sph"
"466",1595,"BCCIP",22.24632719,-0.315049877,0.05887915,0.142388835,"no hit","Sph"
"467",1596,"ERO1A",26.79005579,0.294711209,0.059152165,0.142388835,"no hit","Sph"
"468",1597,"ALDH2",26.39905578,0.273622925,0.059269862,0.142388835,"no hit","Sph"
"469",1598,"DCBLD2",23.20173525,0.457414032,0.05929826,0.142388835,"no hit","Sph"
"470",1599,"CALU",26.43147672,0.570225078,0.059348649,0.142388835,"no hit","Sph"
"471",1600,"GBE1",23.09969261,-0.336541289,0.059402251,0.142388835,"no hit","Sph"
"472",1601,"SHMT2",25.93654172,0.279261793,0.06011895,0.143801472,"no hit","Sph"
"473",1602,"GLRX3",23.56934173,-0.401628368,0.060660881,0.144704539,"no hit","Sph"
"474",1603,"RPS3",25.92267569,-0.26971847,0.060752836,0.144704539,"no hit","Sph"
"475",1604,"PSMA5",24.58365817,-0.315648734,0.060885661,0.144715603,"no hit","Sph"
"476",1605,"DYNC1LI1",23.33389535,-0.325561623,0.061304811,0.145216043,"no hit","Sph"
"477",1606,"CNBP",24.32863328,-0.328426714,0.061353457,0.145216043,"no hit","Sph"
"478",1607,"NOP58",24.68758996,0.329068017,0.061514886,0.145293528,"no hit","Sph"
"479",1608,"SPTAN1",28.67460651,0.25569624,0.062300514,0.146591162,"no hit","Sph"
"480",1609,"POFUT2",24.99475582,0.419699524,0.062438279,0.146591162,"no hit","Sph"
"481",1610,"CTSL",24.3035196,0.229652443,0.062453808,0.146591162,"no hit","Sph"
"482",1611,"DLAT",23.28938497,0.235763304,0.062864611,0.147249265,"no hit","Sph"
"483",1612,"LTA4H",24.03086676,-0.441643265,0.06387338,0.14912936,"no hit","Sph"
"484",1613,"BAZ1B",23.81283826,0.399184331,0.063931453,0.14912936,"no hit","Sph"
"485",1614,"EHMT1",23.08116743,0.394031881,0.064858842,0.150470502,"no hit","Sph"
"486",1615,"EEF2",27.06923048,-0.600184528,0.064995448,0.150470502,"no hit","Sph"
"487",1616,"RPA1",23.15445138,-0.311422727,0.065036173,0.150470502,"no hit","Sph"
"488",1617,"EFL1",22.94856593,-0.410304005,0.065105363,0.150470502,"no hit","Sph"
"489",1618,"GNL2",23.66877022,0.350972877,0.065172786,0.150470502,"no hit","Sph"
"490",1619,"RACK1",26.72283686,-0.307752159,0.065531171,0.150989167,"no hit","Sph"
"491",1620,"RPL3",24.48897856,-0.300150841,0.06587867,0.151278298,"no hit","Sph"
"492",1621,"USP9X",26.05101961,-0.197390802,0.065924644,0.151278298,"no hit","Sph"
"493",1622,"TBC1D15",23.44302637,-0.249807112,0.066263207,0.151746775,"no hit","Sph"
"494",1623,"CD2BP2",23.25286164,0.267352831,0.067338224,0.153896468,"no hit","Sph"
"495",1624,"LDHB",26.12189671,-0.468693771,0.067851907,0.154757179,"no hit","Sph"
"496",1625,"ENO3",23.29800858,-0.48900061,0.068313337,0.155306559,"no hit","Sph"
"497",1626,"CNP",24.09638928,0.345713744,0.068367901,0.155306559,"no hit","Sph"
"498",1627,"MANBA",24.16245926,0.340976059,0.069634218,0.157865527,"no hit","Sph"
"499",1628,"RPS8",24.05617666,-0.278577318,0.070111966,0.158349667,"no hit","Sph"
"500",1629,"LARS2",24.79574263,0.203125517,0.070128285,0.158349667,"no hit","Sph"
"501",1630,"HIP1",24.34243979,0.236146593,0.070490969,0.158850906,"no hit","Sph"
"502",1631,"PARN",24.27743143,0.31567811,0.070805997,0.159242969,"no hit","Sph"
"503",1632,"DNAJB11",24.41304679,0.32875565,0.071911819,0.161244731,"no hit","Sph"
"504",1633,"ETFA",23.99080528,-0.257623184,0.071981705,0.161244731,"no hit","Sph"
"505",1634,"RPS11",24.39664738,-0.184882452,0.072416661,0.161897842,"no hit","Sph"
"506",1635,"HSDL2",24.11966805,0.302329229,0.072635019,0.162065091,"no hit","Sph"
"507",1636,"TP53BP1",24.70898837,0.26704864,0.072897679,0.162330334,"no hit","Sph"
"508",1637,"IDH2",24.55749275,0.286652092,0.073197116,0.162452544,"no hit","Sph"
"509",1638,"LSM7",24.15985501,-0.253224732,0.073240341,0.162452544,"no hit","Sph"
"510",1639,"ACOX1",24.43255941,0.368934218,0.073989957,0.163793454,"no hit","Sph"
"511",1640,"PCYT2",22.5328602,-0.415968722,0.074322412,0.164207443,"no hit","Sph"
"512",1641,"GFM2",22.41751637,0.318219512,0.074568073,0.164428426,"no hit","Sph"
"513",1642,"FXN",24.06723039,0.295951572,0.075000789,0.165060217,"no hit","Sph"
"514",1643,"PPP1R9B",24.48449878,0.257349339,0.075308367,0.165218197,"no hit","Sph"
"515",1644,"FNTA",22.79467559,-0.303344239,0.075365254,0.165218197,"no hit","Sph"
"516",1645,"AHNAK",27.35236754,0.262659579,0.076045016,0.166120467,"no hit","Sph"
"517",1646,"ACADSB",24.50480456,0.267003184,0.07614366,0.166120467,"no hit","Sph"
"518",1647,"RPSA",25.98205335,-0.259712296,0.076218248,0.166120467,"no hit","Sph"
"519",1648,"PYGB",24.7034225,-0.292569685,0.076524856,0.166467366,"no hit","Sph"
"520",1649,"PPP1R9A",24.95185843,0.292422065,0.076832906,0.166816059,"no hit","Sph"
"521",1650,"IARS",25.90136581,-0.200729786,0.077098754,0.167071963,"no hit","Sph"
"522",1651,"NUP58",22.73890669,0.346426602,0.077609142,0.167855789,"no hit","Sph"
"523",1652,"PECR",24.03335448,0.299901425,0.077864507,0.168086096,"no hit","Sph"
"524",1653,"RPS3A",24.88124908,-0.272180225,0.078364535,0.168842672,"no hit","Sph"
"525",1654,"FLNA",29.13939368,-0.226985324,0.078983237,0.169669011,"no hit","Sph"
"526",1655,"RCN2",26.08081876,0.448238324,0.079048627,0.169669011,"no hit","Sph"
"527",1656,"EFHD2",23.44369528,-0.364328576,0.079243069,0.169763614,"no hit","Sph"
"528",1657,"CDC5L",23.87773193,0.344118184,0.079573711,0.170020426,"no hit","Sph"
"529",1658,"STRBP",24.41152147,0.271582283,0.079705028,0.170020426,"no hit","Sph"
"530",1659,"HNRNPD",24.53330307,0.250729355,0.079814726,0.170020426,"no hit","Sph"
"531",1660,"MTPAP",23.64821856,0.355304464,0.080039472,0.170178086,"no hit","Sph"
"532",1661,"NOL6",22.39358842,0.267907259,0.080681287,0.171198589,"no hit","Sph"
"533",1662,"GNA11|GNAQ",22.3883562,0.307469184,0.080822717,0.171198589,"no hit","Sph"
"534",1663,"SART3",23.99631972,-0.202239663,0.081262569,0.171807942,"no hit","Sph"
"535",1664,"XPO4",23.19256708,-0.19863539,0.081935167,0.172714409,"no hit","Sph"
"536",1665,"NUP85",23.62608968,0.326765205,0.082029928,0.172714409,"no hit","Sph"
"537",1666,"POLR2H",23.90038301,0.237384135,0.082150255,0.172714409,"no hit","Sph"
"538",1667,"TALDO1",25.25832837,-0.644831542,0.082387607,0.172891465,"no hit","Sph"
"539",1668,"PDHB",24.72181782,0.326261936,0.082639666,0.17309867,"no hit","Sph"
"540",1669,"RBM8A",24.61671334,0.293198551,0.082951603,0.173430296,"no hit","Sph"
"541",1670,"POR",25.70913551,0.237601523,0.083263582,0.173760785,"no hit","Sph"
"542",1671,"BLMH",24.0392907,-0.360581234,0.084076535,0.174940558,"no hit","Sph"
"543",1672,"PRDX4",25.83795758,0.379901675,0.084173034,0.174940558,"no hit","Sph"
"544",1673,"PLD3",23.57070852,0.204055692,0.084293767,0.174940558,"no hit","Sph"
"545",1674,"CENPF",27.02040585,0.293390158,0.086265761,0.178704667,"no hit","Sph"
"546",1675,"FH",24.89258583,0.282805507,0.08731704,0.180551168,"no hit","Sph"
"547",1676,"COPS6",23.55826282,-0.254033508,0.087646326,0.180900735,"no hit","Sph"
"548",1677,"CBR1",23.85607473,-0.545195485,0.087902848,0.181099115,"no hit","Sph"
"549",1678,"NAGA",23.33394966,0.177528276,0.088266033,0.181237318,"no hit","Sph"
"550",1679,"NAP1L1",24.66850657,-0.309213654,0.088290988,0.181237318,"no hit","Sph"
"551",1680,"TOMM70",25.34844094,0.237492178,0.088981992,0.182289292,"no hit","Sph"
"552",1681,"RAP1GDS1",25.15720054,-0.398559722,0.089153207,0.182289292,"no hit","Sph"
"553",1682,"ESF1",23.23148218,0.266238046,0.089320348,0.182289292,"no hit","Sph"
"554",1683,"RAB2A|DKFZp313C1541|RAB2B",22.79053064,0.255403812,0.089608732,0.182289292,"no hit","Sph"
"555",1684,"AKR1B1",26.83222909,-0.730044588,0.089610768,0.182289292,"no hit","Sph"
"556",1685,"GRPEL1",23.05940475,0.263593991,0.090711013,0.183704964,"no hit","Sph"
"557",1686,"ATP5C1",23.36083913,0.30812974,0.090839915,0.183704964,"no hit","Sph"
"558",1687,"OGDH",26.85066041,0.215686112,0.091054251,0.183704964,"no hit","Sph"
"559",1688,"PPM1G",24.92576273,-0.505914115,0.091111837,0.183704964,"no hit","Sph"
"560",1689,"GPI",26.29375255,-0.503450751,0.091120265,0.183704964,"no hit","Sph"
"561",1690,"ESD",23.16807622,-0.562608502,0.091441459,0.184023898,"no hit","Sph"
"562",1691,"WDR43",24.01670483,0.35555795,0.091619379,0.184053878,"no hit","Sph"
"563",1692,"GTPBP4",23.39514124,0.281477012,0.091797154,0.184083459,"no hit","Sph"
"564",1693,"YLPM1",22.75352476,0.23800496,0.093010091,0.186185093,"no hit","Sph"
"565",1694,"GALK2",23.51052341,-0.534572948,0.093763269,0.187212744,"no hit","Sph"
"566",1695,"RMDN3",24.31447741,0.307775453,0.093855105,0.187212744,"no hit","Sph"
"567",1696,"U2SURP",24.14545676,0.326967149,0.095216793,0.188838262,"no hit","Sph"
"568",1697,"BLVRA",22.73175005,-0.427062383,0.095234628,0.188838262,"no hit","Sph"
"569",1698,"HIST1H1E|HIST1H1D|HIST1H1C",24.87002111,0.340408232,0.095356574,0.188838262,"no hit","Sph"
"570",1699,"CNPY3",23.5996039,0.185953315,0.09545173,0.188838262,"no hit","Sph"
"571",1700,"CDK5RAP3",23.92559566,0.323824751,0.095506331,0.188838262,"no hit","Sph"
"572",1701,"CKAP4",24.33343627,0.259867656,0.095738875,0.188967115,"no hit","Sph"
"573",1702,"DAP3",23.70732933,0.426821159,0.097020598,0.191037463,"no hit","Sph"
"574",1703,"RMDN1",24.04155771,0.184952921,0.097126221,0.191037463,"no hit","Sph"
"575",1704,"HNRNPH1",24.45872838,0.245851182,0.098406639,0.193061616,"no hit","Sph"
"576",1705,"WDR3",23.1125295,0.288894412,0.098497335,0.193061616,"no hit","Sph"
"577",1706,"GLS",26.03441667,0.462035262,0.098988671,0.193652751,"no hit","Sph"
"578",1707,"GOLGA2",25.04503544,0.287449309,0.099141975,0.193652751,"no hit","Sph"
"579",1708,"CPOX",24.34865112,0.229672591,0.09994197,0.19457157,"no hit","Sph"
"580",1709,"PPP4C",23.25469558,-0.26431672,0.099957051,0.19457157,"no hit","Sph"
"581",1710,"DECR1",23.78260032,0.25893211,0.100182596,0.194674958,"no hit","Sph"
"582",1711,"ACTN4",27.48339493,0.187245885,0.100728939,0.195400296,"no hit","Sph"
"583",1712,"NQO1",22.54004978,-0.684286872,0.101066516,0.195632118,"no hit","Sph"
"584",1713,"CHERP",25.20811612,0.26306185,0.101227821,0.195632118,"no hit","Sph"
"585",1714,"BCAT1",23.64520039,-0.631573671,0.101368281,0.195632118,"no hit","Sph"
"586",1715,"CPQ",24.09471633,0.516920597,0.101878241,0.196253713,"no hit","Sph"
"587",1716,"CRNKL1",24.04005133,0.222377276,0.102038024,0.196253713,"no hit","Sph"
"588",1717,"SEH1L",24.29119332,0.183004184,0.103022256,0.197809739,"no hit","Sph"
"589",1718,"NUP214",24.3170445,0.222851163,0.103578667,0.198250425,"no hit","Sph"
"590",1719,"RANBP2",24.97243731,0.288814874,0.103765923,0.198250425,"no hit","Sph"
"591",1720,"CANX",25.72225646,0.305981094,0.103778566,0.198250425,"no hit","Sph"
"592",1721,"LSM6",24.53258597,-0.287562544,0.104051454,0.198435965,"no hit","Sph"
"593",1722,"DDX5",26.04588162,0.363242109,0.104393207,0.19875199,"no hit","Sph"
"594",1723,"HARS",23.41564257,-0.38944184,0.104768128,0.199129995,"no hit","Sph"
"595",1724,"RBM39",24.070702,0.244338362,0.106043572,0.201122106,"no hit","Sph"
"596",1725,"ILF2",25.90214142,0.360999641,0.10617252,0.201122106,"no hit","Sph"
"597",1726,"NUP54",23.50189463,0.225947926,0.106772522,0.201636558,"no hit","Sph"
"598",1727,"CYP3A5",22.95876198,0.321306097,0.106801295,0.201636558,"no hit","Sph"
"599",1728,"CRLF3",23.53903041,-0.238957468,0.107086462,0.201837422,"no hit","Sph"
"600",1729,"ALDH1B1",24.2113859,0.284950373,0.107581444,0.202432418,"no hit","Sph"
"601",1730,"SKIV2L2",24.82642675,0.257713311,0.108150014,0.20316367,"no hit","Sph"
"602",1731,"TBCD",23.23225816,-0.468168935,0.108532144,0.203542841,"no hit","Sph"
"603",1732,"HSPA1B|HSPA1A",25.09014184,-0.299300659,0.108752682,0.203549274,"no hit","Sph"
"604",1733,"TPT1",22.48559227,-0.31493538,0.108896157,0.203549274,"no hit","Sph"
"605",1734,"GNAS",24.15486316,0.647878924,0.109292642,0.203952716,"no hit","Sph"
"606",1735,"WDR77",22.86587834,-0.266293222,0.109610676,0.204208669,"no hit","Sph"
"607",1736,"H2AFY",24.41200591,0.2145608,0.110578594,0.20567254,"no hit","Sph"
"608",1737,"TOP1",23.0361882,0.287814994,0.110958463,0.206039645,"no hit","Sph"
"609",1738,"HNRNPU",26.11251954,0.346136356,0.111383995,0.206490198,"no hit","Sph"
"610",1739,"POGZ",24.10806102,0.373225397,0.111933503,0.207168729,"no hit","Sph"
"611",1740,"G6PD",25.38401514,-0.731932169,0.112238888,0.207393952,"no hit","Sph"
"612",1741,"ATP1A1",24.07159383,0.452969256,0.112604136,0.207728872,"no hit","Sph"
"613",1742,"GDI1",24.07484405,-0.492900173,0.112884926,0.207907147,"no hit","Sph"
"614",1743,"EIF4E",23.66337277,-0.195370611,0.1135803,0.208847165,"no hit","Sph"
"615",1744,"ANXA5",25.35797393,-1.073323874,0.114603648,0.210386208,"no hit","Sph"
"616",1745,"SNRNP200",26.59472207,0.214187246,0.116647584,0.213497096,"no hit","Sph"
"617",1746,"HSPB1",25.3823371,-0.495835787,0.116706458,0.213497096,"no hit","Sph"
"618",1747,"APLP2",24.5463378,0.260941166,0.116865549,0.213497096,"no hit","Sph"
"619",1748,"NDUFS1",25.04286992,0.17060612,0.117407012,0.214139768,"no hit","Sph"
"620",1749,"RPL9",22.54171733,-0.336844186,0.117761866,0.21444056,"no hit","Sph"
"621",1750,"RAB11A|RAB11B",22.3327305,0.215339364,0.118314288,0.215085423,"no hit","Sph"
"622",1751,"HNRNPL",25.09577519,0.250398364,0.118497018,0.215085423,"no hit","Sph"
"623",1752,"AP1B1",24.66257043,-0.233710793,0.118778227,0.215249789,"no hit","Sph"
"624",1753,"PML",24.87177426,0.207441921,0.120027413,0.217164983,"no hit","Sph"
"625",1754,"RCN1",26.32845679,0.424704317,0.120733723,0.217969721,"no hit","Sph"
"626",1755,"HSPE1",24.12183501,0.29219912,0.120966127,0.217969721,"no hit","Sph"
"627",1756,"PPP2R1A",25.98107385,-0.196140243,0.121051386,0.217969721,"no hit","Sph"
"628",1757,"DLG1",24.24797197,0.192305881,0.121504916,0.218437978,"no hit","Sph"
"629",1758,"ADSL",22.64031297,-0.366176824,0.122220176,0.219374528,"no hit","Sph"
"630",1759,"NAT10",25.93784474,0.26283421,0.122724483,0.219930066,"no hit","Sph"
"631",1760,"EIF6",23.88413592,-0.251390027,0.12538654,0.223848387,"no hit","Sph"
"632",1761,"DDX23",24.05950051,0.240209245,0.125464006,0.223848387,"no hit","Sph"
"633",1762,"RARS",25.90609059,-0.175502694,0.125505783,0.223848387,"no hit","Sph"
"634",1763,"EIF5B",23.74261487,-0.215105088,0.126405923,0.225098245,"no hit","Sph"
"635",1764,"KIAA1429",24.96229483,0.403571815,0.126787472,0.225397875,"no hit","Sph"
"636",1765,"HNRNPF",24.66962732,0.18762669,0.126973471,0.225397875,"no hit","Sph"
"637",1766,"FKBP8",23.1772544,0.237525192,0.127694876,0.226020622,"no hit","Sph"
"638",1767,"RPS19",23.79978277,-0.246047067,0.127724674,0.226020622,"no hit","Sph"
"639",1768,"LRRC15",23.5101937,0.339517547,0.128068632,0.226274625,"no hit","Sph"
"640",1769,"PC",26.03478201,0.191633788,0.128272433,0.226280588,"no hit","Sph"
"641",1770,"ATP6V1H",23.72328091,0.193740712,0.130101364,0.229148892,"no hit","Sph"
"642",1771,"SMU1",24.76683053,0.244569962,0.130346162,0.229222457,"no hit","Sph"
"643",1772,"THOC3",24.13058982,0.167413969,0.130707838,0.229352194,"no hit","Sph"
"644",1773,"LAP3",23.94431067,0.19473106,0.13082623,0.229352194,"no hit","Sph"
"645",1774,"ANXA4",24.23960885,-0.909932903,0.133377923,0.233128139,"no hit","Sph"
"646",1775,"PMM2",23.79593779,-0.329817418,0.133393072,0.233128139,"no hit","Sph"
"647",1776,"ARPC1B",23.55852219,-0.24756584,0.134719073,0.23508166,"no hit","Sph"
"648",1777,"PSMB7",24.12906394,-0.334895242,0.135387278,0.235883081,"no hit","Sph"
"649",1778,"IDH1",23.86131256,-0.447375195,0.135990923,0.236569725,"no hit","Sph"
"650",1779,"TOP2B",24.34286506,0.229611218,0.136358799,0.236844744,"no hit","Sph"
"651",1780,"EPRS",26.375082,-0.266979716,0.136796102,0.237055277,"no hit","Sph"
"652",1781,"H1F0",24.51511018,0.321689376,0.136989888,0.237055277,"no hit","Sph"
"653",1782,"THOP1",25.13636765,-0.397779514,0.137109917,0.237055277,"no hit","Sph"
"654",1783,"TST",24.92703256,0.148651939,0.137586794,0.23751604,"no hit","Sph"
"655",1784,"LETM1",24.14362588,0.214737498,0.137822923,0.237560428,"no hit","Sph"
"656",1785,"E7EVH7|KLC1",23.44629707,-0.218724351,0.139611629,0.240276721,"no hit","Sph"
"657",1786,"WDR75",22.93426722,0.353364669,0.140183206,0.240893211,"no hit","Sph"
"658",1787,"RAI14",22.90402985,0.262708881,0.141027583,0.241975899,"no hit","Sph"
"659",1788,"FTO",23.75604365,-0.401393043,0.141970395,0.243223939,"no hit","Sph"
"660",1789,"ECI1",23.43337929,0.326496227,0.143330586,0.245182169,"no hit","Sph"
"661",1790,"PSMA3",25.21182799,-0.229965839,0.144160842,0.246229336,"no hit","Sph"
"662",1791,"CSDE1",24.67228758,-0.177012635,0.146376865,0.249595222,"no hit","Sph"
"663",1792,"INTS3",22.44500224,0.287630393,0.146573634,0.249595222,"no hit","Sph"
"664",1793,"SRSF7",23.90731767,0.200492691,0.147638799,0.251030428,"no hit","Sph"
"665",1794,"THOC1",24.51685907,0.289218532,0.14801301,0.251288253,"no hit","Sph"
"666",1795,"CUL4A",23.85422226,-0.196167703,0.148666941,0.252019484,"no hit","Sph"
"667",1796,"AKR1A1",24.02464232,-0.410286518,0.148908336,0.252050243,"no hit","Sph"
"668",1797,"ACTR3",24.5111335,-0.157858078,0.150455175,0.254287265,"no hit","Sph"
"669",1798,"LONP1",25.45904802,0.318660182,0.150894044,0.254638814,"no hit","Sph"
"670",1799,"VPS35",25.39363187,-0.211631993,0.151114265,0.254638814,"no hit","Sph"
"671",1800,"UPF1",25.52470014,-0.146201232,0.151924835,0.255350602,"no hit","Sph"
"672",1801,"STRN3",23.21393716,-0.243580824,0.151989021,0.255350602,"no hit","Sph"
"673",1802,"ALDH6A1",23.86628108,0.210154713,0.152567507,0.255941628,"no hit","Sph"
"674",1803,"EXOSC5",23.20923614,0.28275976,0.153139845,0.256225971,"no hit","Sph"
"675",1804,"MPHOSPH8",22.83372118,0.26539427,0.153190904,0.256225971,"no hit","Sph"
"676",1805,"RBMX",24.02558152,0.194730969,0.153434992,0.256254595,"no hit","Sph"
"677",1806,"MRE11A",22.07487033,0.230457403,0.153963877,0.256758075,"no hit","Sph"
"678",1807,"RBM14",23.81126893,0.212746187,0.154570472,0.257333014,"no hit","Sph"
"679",1808,"DDX1",24.06412865,-0.165810598,0.154764496,0.257333014,"no hit","Sph"
"680",1809,"IGF2BP3",22.22268326,-0.236843498,0.155152684,0.257599089,"no hit","Sph"
"681",1810,"PSAT1",25.28540328,-0.573487278,0.155528201,0.257843375,"no hit","Sph"
"682",1811,"RTCB",23.86785216,-0.19606271,0.156233094,0.258632204,"no hit","Sph"
"683",1812,"LIMA1",23.34965592,0.279063437,0.156999276,0.259520033,"no hit","Sph"
"684",1813,"EZR",26.3108335,-0.185638928,0.157304675,0.259644705,"no hit","Sph"
"685",1814,"NSF",24.82536679,-0.204594389,0.158055225,0.2605027,"no hit","Sph"
"686",1815,"TRMT10C",22.55778115,0.347845863,0.158824189,0.261388497,"no hit","Sph"
"687",1816,"ILF3",25.82822834,0.231790921,0.159674503,0.262405406,"no hit","Sph"
"688",1817,"PSAP",24.8008208,0.958195472,0.160275154,0.263009663,"no hit","Sph"
"689",1818,"HKDC1",26.27013313,0.421162377,0.161186584,0.264121413,"no hit","Sph"
"690",1819,"AKR1B10",25.32690115,-0.706017175,0.163268024,0.267144347,"no hit","Sph"
"691",1820,"DIEXF",23.13762925,0.187490227,0.16390376,0.267796447,"no hit","Sph"
"692",1821,"PTBP1",25.12761783,0.189891192,0.164384127,0.268193178,"no hit","Sph"
"693",1822,"AAMP",22.89473562,-0.457958869,0.166537396,0.27131417,"no hit","Sph"
"694",1823,"GPS1",24.61272857,-0.187078238,0.16713214,0.271350177,"no hit","Sph"
"695",1824,"C14orf166",23.45212559,-0.16677519,0.167242132,0.271350177,"no hit","Sph"
"696",1825,"CKB",22.44873187,-0.460154081,0.167280535,0.271350177,"no hit","Sph"
"697",1826,"DHX9",26.99810337,0.294947386,0.168014892,0.271766113,"no hit","Sph"
"698",1827,"PSMD3",22.96909658,-0.220129557,0.168256016,0.271766113,"no hit","Sph"
"699",1828,"GGH",22.99111013,0.3687907,0.168259091,0.271766113,"no hit","Sph"
"700",1829,"TGM3",22.54538211,0.504525927,0.169156032,0.272824514,"no hit","Sph"
"701",1830,"SDHB",22.62923655,0.374046999,0.170875404,0.275204467,"no hit","Sph"
"702",1831,"FUCA1",23.44562403,0.208186871,0.171296279,0.275489316,"no hit","Sph"
"703",1832,"NDUFV1",24.32017063,0.185943644,0.172593393,0.27718057,"no hit","Sph"
"704",1833,"DDX3X",25.22036415,-0.174197202,0.173078988,0.277416023,"no hit","Sph"
"705",1834,"SRRT",25.11926356,0.189929757,0.17323144,0.277416023,"no hit","Sph"
"706",1835,"FSCN1",24.22793136,-0.554084288,0.17637837,0.282055496,"no hit","Sph"
"707",1836,"GTF2I",24.45560991,0.283224225,0.177939763,0.283899851,"no hit","Sph"
"708",1837,"YWHAG",25.4140645,-0.367773515,0.178034628,0.283899851,"no hit","Sph"
"709",1838,"RPL17|RPL17-C18orf32",24.45026289,-0.219006225,0.178412766,0.28410157,"no hit","Sph"
"710",1839,"CTNNA1",25.94990326,0.396703575,0.180998636,0.287813325,"no hit","Sph"
"711",1840,"UTRN",26.5886867,0.257287163,0.181486719,0.288183552,"no hit","Sph"
"712",1841,"DCD",24.73724392,-0.696875839,0.181763128,0.288217094,"no hit","Sph"
"713",1842,"YBX1",23.03290331,-0.168619496,0.183341036,0.290311402,"no hit","Sph"
"714",1843,"HNRNPH3",23.40927614,0.141263397,0.183869276,0.290740074,"no hit","Sph"
"715",1844,"COA7",23.37680502,0.254225414,0.185117139,0.292303846,"no hit","Sph"
"716",1845,"CALM1",25.22750603,0.235671929,0.186415014,0.29394211,"no hit","Sph"
"717",1846,"GNPDA1",23.17070623,-0.350040522,0.189265364,0.298020357,"no hit","Sph"
"718",1847,"IDH3A",25.32035027,0.152042602,0.190024228,0.298798542,"no hit","Sph"
"719",1848,"PSMD11",23.87156575,-0.157120173,0.190590359,0.298888534,"no hit","Sph"
"720",1849,"KDM1A",23.55310988,0.185085223,0.190610934,0.298888534,"no hit","Sph"
"721",1850,"TNPO1",26.01409648,-0.198590086,0.191756616,0.299900725,"no hit","Sph"
"722",1851,"PHLDB2",24.77215156,0.244536998,0.191787709,0.299900725,"no hit","Sph"
"723",1852,"H6PD",24.4388646,0.221904893,0.192575651,0.300716335,"no hit","Sph"
"724",1853,"OSBP",22.4916673,-0.233377965,0.192904401,0.300813631,"no hit","Sph"
"725",1854,"GNS",22.61354689,0.16235792,0.193181734,0.300830589,"no hit","Sph"
"726",1855,"THOC2",23.42423519,0.238918313,0.195234877,0.303260236,"no hit","Sph"
"727",1856,"ACTR2",24.37908346,-0.139304107,0.195279178,0.303260236,"no hit","Sph"
"728",1857,"ACSL4",23.31145062,0.264646018,0.195552129,0.303266969,"no hit","Sph"
"729",1858,"SEC16A",22.99702749,-0.280032304,0.197564176,0.305967016,"no hit","Sph"
"730",1859,"HNRNPUL1",24.81586648,0.127166705,0.200954625,0.310791468,"no hit","Sph"
"731",1860,"CTSZ",24.04942094,0.181606402,0.203510995,0.313961135,"no hit","Sph"
"732",1861,"FN1",26.13159376,0.405117566,0.204194898,0.313961135,"no hit","Sph"
"733",1862,"TIMM44",23.4675435,0.345133111,0.204198544,0.313961135,"no hit","Sph"
"734",1863,"EXOSC10",23.48965783,0.159861201,0.204447685,0.313961135,"no hit","Sph"
"735",1864,"CHD4",25.41970206,0.2568775,0.204596037,0.313961135,"no hit","Sph"
"736",1865,"PHGDH",24.51729545,-0.661183072,0.204672627,0.313961135,"no hit","Sph"
"737",1866,"DDX39A",24.09871572,0.226945044,0.206104342,0.315728361,"no hit","Sph"
"738",1867,"PLS1",24.89575426,-0.219700635,0.206574199,0.316019336,"no hit","Sph"
"739",1868,"MAT2A",24.48100245,-0.356038312,0.207316977,0.316424168,"no hit","Sph"
"740",1869,"CPSF3",23.96939502,0.272944108,0.207399366,0.316424168,"no hit","Sph"
"741",1870,"PPIB",26.46675429,0.309097063,0.208366033,0.317469975,"no hit","Sph"
"742",1871,"TTLL12",24.10185113,-0.237398973,0.209049724,0.31763494,"no hit","Sph"
"743",1872,"UHRF1",23.09152511,0.258879569,0.209099306,0.31763494,"no hit","Sph"
"744",1873,"CTH",22.62909812,-0.441645632,0.209318331,0.31763494,"no hit","Sph"
"745",1874,"VARS2",23.27879859,0.193656458,0.211204335,0.320066703,"no hit","Sph"
"746",1875,"CMAS",23.14783946,0.147412575,0.212857641,0.321915915,"no hit","Sph"
"747",1876,"VBP1",23.09899978,-0.284929294,0.212994853,0.321915915,"no hit","Sph"
"748",1877,"CAPZA1",23.22682445,0.182704788,0.213319032,0.321974849,"no hit","Sph"
"749",1878,"EML2",23.79713176,-0.351880239,0.214518861,0.32335353,"no hit","Sph"
"750",1879,"SNRPB|SNRPN",22.96644283,0.374394869,0.215327446,0.324139582,"no hit","Sph"
"751",1880,"XRN2",26.25703819,0.201873659,0.21851634,0.328501928,"no hit","Sph"
"752",1881,"PSMD1",25.75317892,-0.146825351,0.220047593,0.330364006,"no hit","Sph"
"753",1882,"HSPE1-MOB4",23.01426491,0.180620527,0.222096253,0.332882745,"no hit","Sph"
"754",1883,"HEATR3",22.67151398,-0.246985824,0.222576582,0.332882745,"no hit","Sph"
"755",1884,"SMC4",23.91180176,-0.216642613,0.222609807,0.332882745,"no hit","Sph"
"756",1885,"9-Sep",22.99157372,-0.187969529,0.224751416,0.335640672,"no hit","Sph"
"757",1886,"PDCD11",24.3706453,0.208101738,0.225926879,0.336950392,"no hit","Sph"
"758",1887,"MAPK14",22.81800934,-0.231156052,0.227345402,0.338618679,"no hit","Sph"
"759",1888,"UFD1L",23.65342848,-0.175633438,0.227782504,0.338707976,"no hit","Sph"
"760",1889,"FHL2",24.90066073,-0.20984912,0.22800825,0.338707976,"no hit","Sph"
"761",1890,"IARS2",24.74708756,0.174546833,0.228305376,0.338707976,"no hit","Sph"
"762",1891,"AP2B1",25.44975295,0.180165459,0.230375199,0.341330183,"no hit","Sph"
"763",1892,"PTPN1",24.19286541,0.242207123,0.230742012,0.341425599,"no hit","Sph"
"764",1893,"PPP1CA",23.46424468,0.153648744,0.231651632,0.342322896,"no hit","Sph"
"765",1894,"EIF3K",24.20253629,-0.143580916,0.231975085,0.342352773,"no hit","Sph"
"766",1895,"SEC13",25.01844605,-0.16537878,0.232801796,0.343124318,"no hit","Sph"
"767",1896,"RFC4",21.99716207,0.289048117,0.233390569,0.343543615,"no hit","Sph"
"768",1897,"DHX30",22.30103271,0.154102468,0.233841061,0.343758539,"no hit","Sph"
"769",1898,"RRAS2",24.33893343,0.237858323,0.234217111,0.343863613,"no hit","Sph"
"770",1899,"HIST1H1B",24.00835345,0.186785546,0.236403544,0.346622859,"no hit","Sph"
"771",1900,"LAS1L",21.6679797,0.237606976,0.239258883,0.350149117,"no hit","Sph"
"772",1901,"ARID1A",23.91902931,0.261508321,0.239428803,0.350149117,"no hit","Sph"
"773",1902,"GPT2",21.99677821,0.180851209,0.240477161,0.351227315,"no hit","Sph"
"774",1903,"NUP133",26.42448726,0.20789914,0.240880458,0.351361806,"no hit","Sph"
"775",1904,"ARHGAP1",25.05805604,-0.194690189,0.242494231,0.353259338,"no hit","Sph"
"776",1905,"KPNA3",22.42915117,-0.208542933,0.244752985,0.356090361,"no hit","Sph"
"777",1906,"NPC2",23.3648045,0.292423125,0.250552567,0.364059007,"no hit","Sph"
"778",1907,"CCT7",25.54938052,-0.227810969,0.251133194,0.364246216,"no hit","Sph"
"779",1908,"EIF5",23.55849817,-0.235443364,0.251326662,0.364246216,"no hit","Sph"
"780",1909,"PLRG1",22.2539114,0.227521947,0.25368589,0.367194064,"no hit","Sph"
"781",1910,"PITRM1",26.81424332,0.217730084,0.255215764,0.368935464,"no hit","Sph"
"782",1911,"HECTD1",24.19212482,-0.143408521,0.255716147,0.369107138,"no hit","Sph"
"783",1912,"EXOSC7",22.60471433,0.212922558,0.256197931,0.369107138,"no hit","Sph"
"784",1913,"HDLBP",25.29473527,-0.134483837,0.256490087,0.369107138,"no hit","Sph"
"785",1914,"EIF3B",25.69263316,-0.151283616,0.256642252,0.369107138,"no hit","Sph"
"786",1915,"PCM1",21.37621622,0.222619196,0.257522408,0.369289188,"no hit","Sph"
"787",1916,"SYMPK",23.04697862,0.388580562,0.257812421,0.369289188,"no hit","Sph"
"788",1917,"GRSF1",23.41008489,0.189349614,0.257899896,0.369289188,"no hit","Sph"
"789",1918,"SCFD1",23.78101914,0.147838307,0.258077209,0.369289188,"no hit","Sph"
"790",1919,"ETFB",24.91281617,0.112631601,0.258707975,0.36972317,"no hit","Sph"
"791",1920,"PRKCSH",25.29129407,0.488145235,0.260918835,0.372411334,"no hit","Sph"
"792",1921,"IMP3",22.38608821,0.259744682,0.261750185,0.373126211,"no hit","Sph"
"793",1922,"HNRNPA0",22.99924154,0.242830741,0.262916739,0.374259258,"no hit","Sph"
"794",1923,"EDC4",23.1112793,0.152760201,0.263208017,0.374259258,"no hit","Sph"
"795",1924,"SPATA20",23.62632285,0.157044761,0.267649963,0.380096614,"no hit","Sph"
"796",1925,"CPSF7",22.62664585,0.190140059,0.268522604,0.380856808,"no hit","Sph"
"797",1926,"TARDBP",23.59969387,0.347404776,0.269534685,0.381812622,"no hit","Sph"
"798",1927,"EIF1AY|EIF1AX",23.96818073,-0.180865251,0.27044928,0.382628117,"no hit","Sph"
"799",1928,"NOP56",24.76495738,0.220524159,0.273453547,0.3859157,"no hit","Sph"
"800",1929,"HOGA1",22.99081607,0.197726906,0.273456652,0.3859157,"no hit","Sph"
"801",1930,"MYO1B",26.20728598,0.228851719,0.274412589,0.386619816,"no hit","Sph"
"802",1931,"SMC1A",23.39170228,0.205307452,0.274840956,0.386619816,"no hit","Sph"
"803",1932,"OAT",25.05349358,-0.252334889,0.274982916,0.386619816,"no hit","Sph"
"804",1933,"RTL1",23.69326857,-0.450687644,0.276287792,0.387971291,"no hit","Sph"
"805",1934,"CBX5",24.55199056,0.284816644,0.277669435,0.38942707,"no hit","Sph"
"806",1935,"GLA",23.50969387,0.375598737,0.279395684,0.390943419,"no hit","Sph"
"807",1936,"HMGCL",24.51228837,0.164157673,0.27944317,0.390943419,"no hit","Sph"
"808",1937,"ALDH4A1",24.72038767,0.172519006,0.280294685,0.390976006,"no hit","Sph"
"809",1938,"WDR61",23.31756537,-0.161902108,0.280315788,0.390976006,"no hit","Sph"
"810",1939,"PRMT1",25.65285906,-0.110650176,0.280505372,0.390976006,"no hit","Sph"
"811",1940,"DDX27",22.17471652,0.149764395,0.282922324,0.393858574,"no hit","Sph"
"812",1941,"ALDH3A2",23.62345831,0.193734752,0.284361682,0.395176671,"no hit","Sph"
"813",1942,"RPLP2",24.14746243,-0.398535249,0.284569206,0.395176671,"no hit","Sph"
"814",1943,"OSBPL6",23.84540468,-0.156275111,0.286312905,0.396831876,"no hit","Sph"
"815",1944,"TPM1",26.44429808,0.255656715,0.286464109,0.396831876,"no hit","Sph"
"816",1945,"PCK2",23.32872753,0.149353478,0.287224077,0.396933136,"no hit","Sph"
"817",1946,"SRSF6",23.9613079,0.173014477,0.287240365,0.396933136,"no hit","Sph"
"818",1947,"TRNT1",22.05371964,0.145429739,0.289074709,0.398887007,"no hit","Sph"
"819",1948,"RPS25",22.48917262,-0.202615483,0.289360902,0.398887007,"no hit","Sph"
"820",1949,"FAHD2A",25.19749784,0.154398927,0.29011045,0.399141583,"no hit","Sph"
"821",1950,"ATXN2L",22.98460108,-0.191621356,0.290252648,0.399141583,"no hit","Sph"
"822",1951,"SKP1",24.62669691,-0.242614616,0.292655315,0.401956022,"no hit","Sph"
"823",1952,"TGM2",26.19292246,-0.568848483,0.293350328,0.402421046,"no hit","Sph"
"824",1953,"CAPZB",25.88773576,0.119665484,0.29434578,0.403296585,"no hit","Sph"
"825",1954,"CNOT1",23.46980893,-0.172065108,0.295245336,0.403751632,"no hit","Sph"
"826",1955,"FLNB",27.68722695,-0.118467765,0.295393134,0.403751632,"no hit","Sph"
"827",1956,"PUS1",25.12732082,0.128022336,0.298015618,0.406843571,"no hit","Sph"
"828",1957,"POLR2G",23.60865804,0.164162834,0.299091883,0.407608605,"no hit","Sph"
"829",1958,"RPL13A",23.75604816,-0.156628869,0.299298081,0.407608605,"no hit","Sph"
"830",1959,"PPL",23.41096923,0.166688696,0.299899344,0.407935373,"no hit","Sph"
"831",1960,"BYSL",21.97720108,0.144623377,0.300494588,0.408253177,"no hit","Sph"
"832",1961,"HEXB",24.00522299,0.235033335,0.301978798,0.409411268,"no hit","Sph"
"833",1962,"ATP6V1E1",23.53762239,0.109217998,0.302072264,0.409411268,"no hit","Sph"
"834",1963,"G3BP1",23.425824,0.124415757,0.303390667,0.410705111,"no hit","Sph"
"835",1964,"MRPL49",23.27000815,0.11702852,0.306699588,0.414687228,"no hit","Sph"
"836",1965,"CHD3",23.297127,-0.131774857,0.308507977,0.416633381,"no hit","Sph"
"837",1966,"CTSD",24.39192519,0.410254358,0.310516467,0.418844792,"no hit","Sph"
"838",1967,"KPNA1",23.97954735,-0.101273675,0.311630462,0.419845813,"no hit","Sph"
"839",1968,"XRCC5",26.34707055,-0.125516427,0.312423378,0.420412389,"no hit","Sph"
"840",1969,"RELN",22.31242134,0.383678725,0.314971079,0.423336129,"no hit","Sph"
"841",1970,"HSPA8",26.99901668,-0.16848474,0.315831147,0.423987354,"no hit","Sph"
"842",1971,"PKP1",23.20899484,-0.310413385,0.316811625,0.424798486,"no hit","Sph"
"843",1972,"RFC3",24.35117326,0.137953028,0.319166508,0.427448383,"no hit","Sph"
"844",1973,"HNRNPR",25.39766612,0.256440018,0.320317044,0.428480975,"no hit","Sph"
"845",1974,"CORO1C",25.3861627,0.121757876,0.320993505,0.428877712,"no hit","Sph"
"846",1975,"BCAT2",23.08333855,0.177441916,0.321979215,0.42968621,"no hit","Sph"
"847",1976,"PITPNB",23.49127191,-0.247299379,0.322406051,0.429747853,"no hit","Sph"
"848",1977,"TEAD1",23.10274258,0.40531599,0.326508713,0.434703227,"no hit","Sph"
"849",1978,"RPL18A",23.35813484,-0.170524708,0.327300257,0.435243805,"no hit","Sph"
"850",1979,"PRPF40A",24.9922779,0.129651401,0.327883735,0.43550675,"no hit","Sph"
"851",1980,"DDX56",23.2187143,0.114101788,0.330451764,0.43840193,"no hit","Sph"
"852",1981,"GARS",26.46871354,-0.280068797,0.332004574,0.439945028,"no hit","Sph"
"853",1982,"RIF1",23.7765935,0.254625554,0.333370419,0.441237049,"no hit","Sph"
"854",1983,"TRIP12",23.65309976,0.214233278,0.334808617,0.442539255,"no hit","Sph"
"855",1984,"AASS",23.39146695,0.110274311,0.335138231,0.442539255,"no hit","Sph"
"856",1985,"HEATR1",24.87600575,0.220974923,0.336577317,0.443920316,"no hit","Sph"
"857",1986,"SCIN",23.54470207,0.172579581,0.337659677,0.44482821,"no hit","Sph"
"858",1987,"IQGAP1",28.04181822,-0.137837717,0.339581748,0.44683892,"no hit","Sph"
"859",1988,"NCAPD2",22.78499174,-0.123414483,0.345175141,0.453670238,"no hit","Sph"
"860",1989,"NXF1",23.77810847,0.27786168,0.346989122,0.455524091,"no hit","Sph"
"861",1990,"SERPINE1",22.86191003,0.347421391,0.347912315,0.45620558,"no hit","Sph"
"862",1991,"HSD17B4",23.5279618,0.157504335,0.349104315,0.457237554,"no hit","Sph"
"863",1992,"ALDH9A1",26.28764597,-0.115519161,0.35018942,0.457624795,"no hit","Sph"
"864",1993,"MARS",25.34919817,-0.095831395,0.350210649,0.457624795,"no hit","Sph"
"865",1994,"TIAL1",22.14812828,0.128507436,0.350876476,0.457842985,"no hit","Sph"
"866",1995,"LSM8",22.3666213,-0.133005358,0.351188685,0.457842985,"no hit","Sph"
"867",1996,"XRCC6",26.09797586,-0.112290125,0.352654019,0.459223053,"no hit","Sph"
"868",1997,"CNDP2",22.51177945,-0.267689635,0.354388203,0.460949633,"no hit","Sph"
"869",1998,"C7orf55-LUC7L2|LUC7L2|C7orf55",23.4499848,-0.205438239,0.355873657,0.46234909,"no hit","Sph"
"870",1999,"PPIL4",24.02844147,0.144083188,0.356757716,0.462964898,"no hit","Sph"
"871",2000,"UTP4",23.72506927,0.199418507,0.357204233,0.463012146,"no hit","Sph"
"872",2001,"SPAG9",24.46298673,-0.169520111,0.359953623,0.466040872,"no hit","Sph"
"873",2002,"SYNE2",28.87680856,0.318872932,0.360766022,0.466557662,"no hit","Sph"
"874",2003,"GAA",25.44480588,0.236618192,0.361997787,0.46761499,"no hit","Sph"
"875",2004,"7-Sep",23.63973265,-0.135276932,0.363608252,0.469158533,"no hit","Sph"
"876",2005,"VCP",27.02447884,-0.135906511,0.364973114,0.470382015,"no hit","Sph"
"877",2006,"DDX18",24.20431507,0.137614386,0.369329373,0.475453662,"no hit","Sph"
"878",2007,"RPL7",23.55888758,-0.202564659,0.371974634,0.478313624,"no hit","Sph"
"879",2008,"PRPF19",25.33166042,0.120263422,0.373319517,0.479275657,"no hit","Sph"
"880",2009,"NUP160",24.82281992,0.224723501,0.373571814,0.479275657,"no hit","Sph"
"881",2010,"AGPS",24.72960673,0.154283508,0.37486462,0.480209814,"no hit","Sph"
"882",2011,"DDB1",27.31874122,-0.099863396,0.375566022,0.480209814,"no hit","Sph"
"883",2012,"CHD8|CHD9|CHD7",24.59778035,0.255741623,0.375837937,0.480209814,"no hit","Sph"
"884",2013,"PPP1CB",23.02400706,0.16012585,0.376001307,0.480209814,"no hit","Sph"
"885",2014,"RAB18",23.42471638,0.123929263,0.380860394,0.485865972,"no hit","Sph"
"886",2015,"PRDX2",24.66221049,-0.28370483,0.382066652,0.486854684,"no hit","Sph"
"887",2016,"PABPC4",24.7355929,-0.135937442,0.383730128,0.488423128,"no hit","Sph"
"888",2017,"ANXA2",27.2126076,0.15449704,0.384388889,0.488710649,"no hit","Sph"
"889",2018,"FAHD1",22.52105942,0.203466115,0.387000003,0.491476944,"no hit","Sph"
"890",2019,"ZYX",23.12912552,-0.287042851,0.389036877,0.493508578,"no hit","Sph"
"891",2020,"LGALS1",25.92464134,-0.306981238,0.39708947,0.503158262,"no hit","Sph"
"892",2021,"RPS14",24.10906959,-0.100398122,0.398555934,0.504450279,"no hit","Sph"
"893",2022,"PABPC1",26.18645296,-0.096209422,0.399795131,0.505452075,"no hit","Sph"
"894",2023,"PGM1",22.76753288,-0.124688812,0.401245369,0.506718145,"no hit","Sph"
"895",2024,"GEMIN5",23.10240404,0.143296242,0.403441842,0.508922726,"no hit","Sph"
"896",2025,"MTHFD2",23.19016196,0.173247669,0.40608473,0.511684888,"no hit","Sph"
"897",2026,"RBBP7",23.1922828,-0.115975287,0.407035111,0.512310636,"no hit","Sph"
"898",2027,"RPL6",23.87156099,-0.166699399,0.408776742,0.513929779,"no hit","Sph"
"899",2028,"SND1",26.35754633,0.170697482,0.412471578,0.517442365,"no hit","Sph"
"900",2029,"MYLK",25.36161,0.103726955,0.41248727,0.517442365,"no hit","Sph"
"901",2030,"MORC3",23.77942692,0.108960211,0.41340936,0.518023493,"no hit","Sph"
"902",2031,"MTA1",22.79092848,0.259362835,0.415432468,0.519981437,"no hit","Sph"
"903",2032,"PICALM",23.6798606,-0.084847419,0.417279211,0.521714539,"no hit","Sph"
"904",2033,"CDH6",22.78823737,0.315712929,0.418615664,0.522773362,"no hit","Sph"
"905",2034,"DST",26.71785517,0.137766174,0.419052163,0.522773362,"no hit","Sph"
"906",2035,"CENPV",22.02784686,0.199770294,0.421964701,0.525825769,"no hit","Sph"
"907",2036,"GBF1",23.48430321,0.151164074,0.423052135,0.525960118,"no hit","Sph"
"908",2037,"BOP1",23.8217829,0.12595182,0.423146486,0.525960118,"no hit","Sph"
"909",2038,"SIN3A",23.02077356,0.178940675,0.423470104,0.525960118,"no hit","Sph"
"910",2039,"NUP107",25.3682341,0.181609417,0.429066944,0.532325911,"no hit","Sph"
"911",2040,"MRPS23",22.73990643,-0.075119295,0.431568832,0.534842164,"no hit","Sph"
"912",2041,"RPS4X",24.87940562,-0.134373007,0.432068263,0.534873979,"no hit","Sph"
"913",2042,"SMARCA5",24.99994986,0.1782591,0.433024779,0.535453034,"no hit","Sph"
"914",2043,"MSN",24.93857108,-0.09534799,0.433484564,0.535453034,"no hit","Sph"
"915",2044,"SNX1",23.29843327,0.094667595,0.434564724,0.536200627,"no hit","Sph"
"916",2045,"NFU1",23.31324749,0.114418972,0.437075819,0.538710261,"no hit","Sph"
"917",2046,"NUP188",24.48629308,0.171106961,0.438830424,0.540283041,"no hit","Sph"
"918",2047,"ERP29",24.79256704,0.260844095,0.439329935,0.54030882,"no hit","Sph"
"919",2048,"RPL7A",24.06014906,-0.114816146,0.447313537,0.549229296,"no hit","Sph"
"920",2049,"DDX42",24.19704617,-0.100127278,0.447656265,0.549229296,"no hit","Sph"
"921",2050,"KPNA2",26.35418945,-0.226431866,0.448042676,0.549229296,"no hit","Sph"
"922",2051,"KYAT3",24.02584373,0.092056358,0.450366597,0.551479271,"no hit","Sph"
"923",2052,"EIF3F",23.6763675,-0.098610117,0.456216733,0.558037585,"no hit","Sph"
"924",2053,"KHDRBS1",24.31318098,0.17427735,0.460827899,0.563067855,"no hit","Sph"
"925",2054,"FYCO1",23.9445216,0.096661893,0.461340534,0.563084824,"no hit","Sph"
"926",2055,"RAD50",22.6917376,-0.089923658,0.462008453,0.563291084,"no hit","Sph"
"927",2056,"SUPV3L1",24.46136917,0.163451519,0.464868753,0.566167015,"no hit","Sph"
"928",2057,"CCT3",26.21283118,-0.128479018,0.466796779,0.567902547,"no hit","Sph"
"929",2058,"ZNF90|RPS16",24.35515028,-0.106319123,0.471526775,0.572740601,"no hit","Sph"
"930",2059,"UBE2I",22.93541281,-0.107440333,0.471788095,0.572740601,"no hit","Sph"
"931",2060,"SNRNP70",24.96724712,0.132585859,0.474294299,0.574647062,"no hit","Sph"
"932",2061,"CTNNB1",25.25795245,0.21745336,0.474376494,0.574647062,"no hit","Sph"
"933",2062,"MAP1B",25.86366292,-0.232103922,0.476092567,0.576107726,"no hit","Sph"
"934",2063,"GPX4",22.77080339,-0.132996946,0.477037489,0.576633111,"no hit","Sph"
"935",2064,"LSS",24.02877367,0.240362758,0.483739645,0.584109154,"no hit","Sph"
"936",2065,"KDELC1",25.43426086,0.299966178,0.485254638,0.585312485,"no hit","Sph"
"937",2066,"SF3B1",25.96146431,-0.125757344,0.490045873,0.58984506,"no hit","Sph"
"938",2067,"HDAC1",23.80363008,0.131653537,0.490132227,0.58984506,"no hit","Sph"
"939",2068,"SUCLG1",23.56254255,0.081604375,0.491084741,0.58984506,"no hit","Sph"
"940",2069,"CLPX",22.8553466,0.133147505,0.491102175,0.58984506,"no hit","Sph"
"941",2070,"NUP88",25.51563733,0.102362628,0.497441039,0.596823521,"no hit","Sph"
"942",2071,"HNRNPK",26.01034576,-0.089636287,0.499177527,0.598271155,"no hit","Sph"
"943",2072,"BLVRB",22.39941358,-0.102367054,0.500562138,0.599294436,"no hit","Sph"
"944",2073,"SEC24C",22.96899715,-0.076321554,0.502598692,0.60065116,"no hit","Sph"
"945",2074,"API5",25.1973301,-0.074065467,0.502759386,0.60065116,"no hit","Sph"
"946",2075,"RAE1",23.37894814,-0.087907354,0.506617889,0.604621138,"no hit","Sph"
"947",2076,"PRPF8",26.7385816,0.089611406,0.507582668,0.605132874,"no hit","Sph"
"948",2077,"FUS",24.18327692,0.111000366,0.510496246,0.607964412,"no hit","Sph"
"949",2078,"EIF3D",24.48037881,-0.069121938,0.51351991,0.610920946,"no hit","Sph"
"950",2079,"CTTN",23.9097751,-0.079889188,0.514500962,0.61117677,"no hit","Sph"
"951",2080,"CTBP1",22.63800101,0.083149441,0.514817633,0.61117677,"no hit","Sph"
"952",2081,"GSN",25.0600279,-0.251265906,0.517094535,0.613235011,"no hit","Sph"
"953",2082,"NUP93",25.98645597,0.103838811,0.517655714,0.613256349,"no hit","Sph"
"954",2083,"GBAS",23.92024696,0.157341806,0.519751682,0.615093971,"no hit","Sph"
"955",2084,"ATPAF1",22.56464692,0.115681316,0.520698422,0.615569129,"no hit","Sph"
"956",2085,"RAB5C",23.63706298,0.079969916,0.521406143,0.615761021,"no hit","Sph"
"957",2086,"EIF3M",23.6765552,-0.098454801,0.523403112,0.617473473,"no hit","Sph"
"958",2087,"SEC23IP",24.92821723,-0.077738515,0.530904539,0.625210923,"no hit","Sph"
"959",2088,"KPNB1",27.44175701,-0.116989459,0.531069331,0.625210923,"no hit","Sph"
"960",2089,"PRKDC",27.66737293,0.14214086,0.531926823,0.625568107,"no hit","Sph"
"961",2090,"CBX3",24.47506846,0.207362541,0.532651681,0.625768729,"no hit","Sph"
"962",2091,"CCT2",24.53311207,-0.114762074,0.537829577,0.631195003,"no hit","Sph"
"963",2092,"DCTN1",25.47781186,-0.073555461,0.539141518,0.632077647,"no hit","Sph"
"964",2093,"MCM6",26.31089985,0.141546865,0.541237189,0.633876335,"no hit","Sph"
"965",2094,"BAT3|BAG6",23.26483696,-0.087118692,0.542095642,0.634223813,"no hit","Sph"
"966",2095,"RPL18",23.49715056,-0.113567193,0.544327398,0.636175603,"no hit","Sph"
"967",2096,"SF3B2",24.87207869,0.109367567,0.549954899,0.642087984,"no hit","Sph"
"968",2097,"CAPRIN1",25.58395628,0.097988737,0.552580909,0.644487444,"no hit","Sph"
"969",2098,"NEU1",21.59884061,0.335340613,0.553671142,0.64509259,"no hit","Sph"
"970",2099,"SEC23A",23.25959636,-0.085741308,0.555706588,0.646796637,"no hit","Sph"
"971",2100,"EIF3CL|EIF3C",24.60219993,-0.086194153,0.557218454,0.647888398,"no hit","Sph"
"972",2101,"PPA2",25.77170454,0.083594786,0.558346543,0.648532147,"no hit","Sph"
"973",2102,"EIF2S3|EIF2S3L",23.80749661,-0.155064893,0.559155124,0.648803838,"no hit","Sph"
"974",2103,"MKI67",24.10665777,0.143664176,0.563875628,0.653609429,"no hit","Sph"
"975",2104,"ESYT1",22.49558247,0.162165867,0.564485716,0.653645511,"no hit","Sph"
"976",2105,"DSP",26.98048039,-0.319833789,0.56532639,0.653948253,"no hit","Sph"
"977",2106,"NUP205",25.86706344,0.094496095,0.571005381,0.659600988,"no hit","Sph"
"978",2107,"TPM4",25.02685319,0.159571826,0.571487739,0.659600988,"no hit","Sph"
"979",2108,"EPN1",22.32676421,0.10873752,0.572131568,0.659600988,"no hit","Sph"
"980",2109,"AIM1",25.05243555,0.189977707,0.572550016,0.659600988,"no hit","Sph"
"981",2110,"SERPINB12",22.71695482,-0.288865568,0.574344163,0.660993436,"no hit","Sph"
"982",2111,"ACTN1",26.86286219,0.069912469,0.576460998,0.662754039,"no hit","Sph"
"983",2112,"LACTB2",22.41984736,0.078844586,0.578031645,0.663883751,"no hit","Sph"
"984",2113,"CCT4",25.92435966,-0.079002845,0.580040387,0.665513818,"no hit","Sph"
"985",2114,"FXR1",23.98871055,-0.060886277,0.584802262,0.670296197,"no hit","Sph"
"986",2115,"IQGAP2",25.56852324,-0.137684352,0.586778689,0.671248285,"no hit","Sph"
"987",2116,"TXNDC12",23.92145404,0.064743966,0.586912668,0.671248285,"no hit","Sph"
"988",2117,"DNAJC13",21.84321165,0.102711847,0.58792228,0.671248285,"no hit","Sph"
"989",2118,"TOP2A",24.66022254,0.13452404,0.588011119,0.671248285,"no hit","Sph"
"990",2119,"RPS9",25.04890691,-0.081943025,0.591332082,0.674357496,"no hit","Sph"
"991",2120,"EFTUD2",26.47201121,-0.055603426,0.595813133,0.678782066,"no hit","Sph"
"992",2121,"AARS2",23.86078551,0.083275472,0.598821119,0.681521213,"no hit","Sph"
"993",2122,"PPIH",23.62304029,-0.06448842,0.600307154,0.682524448,"no hit","Sph"
"994",2123,"PRKACB|PRKACA",23.31717238,-0.06843266,0.604555899,0.686663592,"no hit","Sph"
"995",2124,"KPNA4",23.66161946,-0.051762407,0.606425163,0.688094482,"no hit","Sph"
"996",2125,"VCL",27.41213145,-0.081506892,0.608187226,0.689400982,"no hit","Sph"
"997",2126,"CASK",22.59737969,0.128648536,0.610563796,0.691400727,"no hit","Sph"
"998",2127,"EIF3L",26.21031727,-0.082030287,0.614482543,0.694881765,"no hit","Sph"
"999",2128,"PSMD5",22.77042924,-0.074354929,0.615439369,0.694881765,"no hit","Sph"
"1000",2129,"MCM3",25.52451036,0.12755909,0.615484291,0.694881765,"no hit","Sph"
"1001",2130,"MCM4",25.77458993,0.109827549,0.616437785,0.695262997,"no hit","Sph"
"1002",2131,"USP39",24.82986542,-0.066549253,0.622009288,0.700846792,"no hit","Sph"
"1003",2132,"PDS5A",23.79542579,-0.136340783,0.623456784,0.701291574,"no hit","Sph"
"1004",2133,"USP7",25.94660417,-0.071064701,0.62364636,0.701291574,"no hit","Sph"
"1005",2134,"PDE12",24.08156785,0.059688638,0.626933257,0.704286216,"no hit","Sph"
"1006",2135,"TCP1",26.21017455,-0.059588414,0.632456625,0.709636387,"no hit","Sph"
"1007",2136,"ABCF1",23.17579821,-0.072178859,0.632952916,0.709636387,"no hit","Sph"
"1008",2137,"SYNCRIP",24.95615537,0.065946514,0.635844511,0.712171084,"no hit","Sph"
"1009",2138,"U2AF1L5|U2AF1",23.84539991,0.13444761,0.638545907,0.714487938,"no hit","Sph"
"1010",2139,"DUT",22.03793432,0.116502581,0.639276045,0.714596688,"no hit","Sph"
"1011",2140,"POLR2B",24.20129997,0.099320883,0.641019768,0.71583711,"no hit","Sph"
"1012",2141,"MYO1E",23.3721011,-0.083377949,0.644707945,0.718963495,"no hit","Sph"
"1013",2142,"RANGAP1",24.70924068,0.087620642,0.645093021,0.718963495,"no hit","Sph"
"1014",2143,"HCFC1",23.97900963,0.072019477,0.651216892,0.725072851,"no hit","Sph"
"1015",2144,"CCT5",26.25352712,-0.059831633,0.652675132,0.725443874,"no hit","Sph"
"1016",2145,"GPC4",24.01679766,0.352255667,0.652835231,0.725443874,"no hit","Sph"
"1017",2146,"NUP37",22.66792629,0.059182175,0.654072678,0.726104281,"no hit","Sph"
"1018",2147,"PTMA",24.52954414,-0.16336927,0.657475993,0.729165418,"no hit","Sph"
"1019",2148,"RBBP4",24.54267178,0.106792182,0.658660062,0.729761737,"no hit","Sph"
"1020",2149,"RBM17",22.85423754,0.073264176,0.66424596,0.735229107,"no hit","Sph"
"1021",2150,"ARG1",22.71521958,0.20119058,0.665068555,0.735418608,"no hit","Sph"
"1022",2151,"FTCD",23.29061864,0.076588989,0.667482692,0.737012757,"no hit","Sph"
"1023",2152,"TNS3",22.83243617,-0.056777764,0.667815811,0.737012757,"no hit","Sph"
"1024",2153,"EWSR1",24.12741762,-0.084988483,0.669559636,0.73793391,"no hit","Sph"
"1025",2154,"CAPZA2",23.80342891,0.059008301,0.669957713,0.73793391,"no hit","Sph"
"1026",2155,"PSMD13",24.07440464,-0.07902927,0.671996518,0.739458157,"no hit","Sph"
"1027",2156,"MYH10",25.69708666,-0.087759859,0.676347459,0.743406338,"no hit","Sph"
"1028",2157,"NCBP1",25.3318594,0.080482197,0.67690143,0.743406338,"no hit","Sph"
"1029",2158,"EIF3E",24.33028271,-0.078978607,0.679315021,0.745332029,"no hit","Sph"
"1030",2159,"DARS",25.62488346,-0.059419728,0.681055498,0.746516172,"no hit","Sph"
"1031",2160,"EIF3A",23.11229681,-0.075487278,0.689403222,0.754933305,"no hit","Sph"
"1032",2161,"KARS",25.42624818,-0.072576646,0.690697298,0.75561749,"no hit","Sph"
"1033",2162,"FLII",24.35112645,-0.059745188,0.691442094,0.755700023,"no hit","Sph"
"1034",2163,"CCT8",27.21219158,-0.052443883,0.693144227,0.756138642,"no hit","Sph"
"1035",2164,"ANLN",22.79026498,-0.143697578,0.6931829,0.756138642,"no hit","Sph"
"1036",2165,"GGT3P|GGT2|GGT1",22.59577887,0.107435285,0.700268276,0.763130197,"no hit","Sph"
"1037",2166,"AK2",24.55994572,0.052437439,0.708646539,0.771515856,"no hit","Sph"
"1038",2167,"EIF3I",25.21744746,-0.049678823,0.716080255,0.778858004,"no hit","Sph"
"1039",2168,"UBB|UBC|RPS27A|UBA52",25.01337254,0.123157124,0.723552889,0.786145998,"no hit","Sph"
"1040",2169,"EIF4A3",25.89230241,0.038795282,0.724173462,0.786145998,"no hit","Sph"
"1041",2170,"DDX46",24.42474883,0.047044686,0.729728599,0.791321354,"no hit","Sph"
"1042",2171,"DHX15",25.21333209,-0.045897205,0.730342649,0.791321354,"no hit","Sph"
"1043",2172,"GLYR1",23.28279194,0.065431802,0.731361375,0.791665381,"no hit","Sph"
"1044",2173,"RPS5",23.74213852,-0.049094836,0.732594481,0.792240584,"no hit","Sph"
"1045",2174,"ACADVL",25.6467425,0.086982777,0.747180488,0.807240929,"no hit","Sph"
"1046",2175,"ACBD3",24.01219206,-0.043749927,0.750028386,0.809358244,"no hit","Sph"
"1047",2176,"CLTB",24.32011388,-0.066826979,0.750574032,0.809358244,"no hit","Sph"
"1048",2177,"COPS4",22.84800008,-0.066588619,0.752820279,0.810496772,"no hit","Sph"
"1049",2178,"PRPF4",22.89062949,0.082098296,0.753065645,0.810496772,"no hit","Sph"
"1050",2179,"CHD1",23.42544651,-0.053861811,0.761289201,0.818567151,"no hit","Sph"
"1051",2180,"MRPL12",23.99761796,0.038012264,0.762283222,0.818856097,"no hit","Sph"
"1052",2181,"RAB1A",25.11307824,-0.036989356,0.764016584,0.819836161,"no hit","Sph"
"1053",2182,"NAA16",24.30431517,-0.032812602,0.764647899,0.819836161,"no hit","Sph"
"1054",2183,"MCM5",24.13862623,0.060706705,0.768241402,0.822907536,"no hit","Sph"
"1055",2184,"NUP155",25.38385367,0.042704491,0.771454004,0.825242714,"no hit","Sph"
"1056",2185,"RPL11",24.43536255,-0.043965052,0.771883353,0.825242714,"no hit","Sph"
"1057",2186,"TRIM28",23.57720785,-0.031433973,0.772735168,0.825371812,"no hit","Sph"
"1058",2187,"CSNK2A1",23.5449196,-0.047296939,0.777835138,0.829912957,"no hit","Sph"
"1059",2188,"FUBP1",23.40706386,-0.032969777,0.778456884,0.829912957,"no hit","Sph"
"1060",2189,"RNMT",23.5649294,0.036624554,0.784708865,0.835762778,"no hit","Sph"
"1061",2190,"RPL4",22.4992695,-0.058182448,0.785424541,0.835762778,"no hit","Sph"
"1062",2191,"MACF1",27.75179946,0.033666238,0.788267959,0.837998612,"no hit","Sph"
"1063",2192,"DLD",23.26446221,0.040850223,0.789190416,0.838118778,"no hit","Sph"
"1064",2193,"OGT",25.01951763,-0.037113563,0.790514075,0.838118778,"no hit","Sph"
"1065",2194,"DDX6",25.03695521,0.031464788,0.790608059,0.838118778,"no hit","Sph"
"1066",2195,"EIF4G2",25.35333827,-0.033531595,0.797329262,0.844450973,"no hit","Sph"
"1067",2196,"CLP1",23.43069968,0.03123556,0.802948311,0.849605101,"no hit","Sph"
"1068",2197,"ARPC2",23.61833267,0.026254224,0.806318019,0.850991434,"no hit","Sph"
"1069",2198,"RUFY1",23.92269809,0.02918618,0.806424036,0.850991434,"no hit","Sph"
"1070",2199,"SSRP1",22.39766152,0.034437586,0.806825703,0.850991434,"no hit","Sph"
"1071",2200,"XP32",23.51708317,0.146281058,0.807273539,0.850991434,"no hit","Sph"
"1072",2201,"RPS2",24.2345277,0.080232824,0.809937753,0.853003473,"no hit","Sph"
"1073",2202,"PRDX5",24.70460855,-0.05777578,0.81227166,0.854664216,"no hit","Sph"
"1074",2203,"MCM2",26.14015934,0.054124494,0.817110651,0.858515194,"no hit","Sph"
"1075",2204,"JUP",25.98000368,-0.093054454,0.817452466,0.858515194,"no hit","Sph"
"1076",2205,"PREPL",23.88554547,-0.04831238,0.819371386,0.859730757,"no hit","Sph"
"1077",2206,"BCL2L13",23.88105447,0.032224943,0.82568287,0.86554871,"no hit","Sph"
"1078",2207,"EPS15L1",22.97969106,-0.039804589,0.827317494,0.866261509,"no hit","Sph"
"1079",2208,"SUPT6H",25.43768439,0.035083337,0.827897403,0.866261509,"no hit","Sph"
"1080",2209,"SET",25.24337454,-0.044524731,0.836597281,0.87455401,"no hit","Sph"
"1081",2210,"SUPT16H",25.68183923,0.020942519,0.83957846,0.87685854,"no hit","Sph"
"1082",2211,"SRSF11",22.27050756,0.056345249,0.845122174,0.881081835,"no hit","Sph"
"1083",2212,"TPP2",27.12447032,0.039269682,0.845183018,0.881081835,"no hit","Sph"
"1084",2213,"ANK2",23.05870272,0.058346154,0.846902337,0.882059722,"no hit","Sph"
"1085",2214,"DSC1",22.49253165,0.115610154,0.852162761,0.885793228,"no hit","Sph"
"1086",2215,"PRC1",22.91933649,0.038160503,0.85274249,0.885793228,"no hit","Sph"
"1087",2216,"COL6A1",23.15245858,0.07965125,0.852840778,0.885793228,"no hit","Sph"
"1088",2217,"IGF2BP2",23.06883817,0.021639067,0.856660145,0.888942375,"no hit","Sph"
"1089",2218,"HEXA",26.12365682,0.035340214,0.857538987,0.889037205,"no hit","Sph"
"1090",2219,"TPM3",25.43708417,0.041880131,0.858534873,0.889253093,"no hit","Sph"
"1091",2220,"EPB41L2",22.5835918,-0.030502846,0.861333488,0.891334104,"no hit","Sph"
"1092",2221,"AP2M1",24.68797181,-0.026012195,0.866497106,0.895856441,"no hit","Sph"
"1093",2222,"STAG2",22.93307035,-0.029904527,0.872447962,0.901183668,"no hit","Sph"
"1094",2223,"NUB1",23.81767312,-0.02788194,0.874667751,0.902650723,"no hit","Sph"
"1095",2224,"ABR",25.3666155,0.019220449,0.88127258,0.908636294,"no hit","Sph"
"1096",2225,"ASNA1",24.56034366,0.014705575,0.883851633,0.910038091,"no hit","Sph"
"1097",2226,"WDR82",23.01238194,0.021902435,0.884244274,0.910038091,"no hit","Sph"
"1098",2227,"GSR",24.46845971,-0.020567831,0.892763249,0.917968769,"no hit","Sph"
"1099",2228,"NUP98",23.91708327,0.030995469,0.896089432,0.920550472,"no hit","Sph"
"1100",2229,"CLTA",24.5878844,-0.022854008,0.897525834,0.921187879,"no hit","Sph"
"1101",2230,"CCT6A",25.21978092,-0.015050446,0.898859548,0.921718828,"no hit","Sph"
"1102",2231,"MCM7",24.49330336,-0.030840839,0.899724459,0.921768525,"no hit","Sph"
"1103",2232,"TNKS1BP1",24.15451511,0.013974961,0.900562387,0.921790512,"no hit","Sph"
"1104",2233,"PPIF",24.56852482,0.021886023,0.910320989,0.930666589,"no hit","Sph"
"1105",2234,"SNRPA",24.301943,-0.02701374,0.910882711,0.930666589,"no hit","Sph"
"1106",2235,"CALML5",22.53731655,0.129736857,0.914481089,0.933498327,"no hit","Sph"
"1107",2236,"NAPA",22.22075862,0.014661457,0.916835819,0.935056585,"no hit","Sph"
"1108",2237,"PSMD8",22.78571518,-0.012255905,0.924494459,0.942016466,"no hit","Sph"
"1109",2238,"SNX4",23.63964172,0.009503814,0.927364384,0.944088719,"no hit","Sph"
"1110",2239,"MYL6",25.51338612,0.016885704,0.933115615,0.949087864,"no hit","Sph"
"1111",2240,"CLTC",27.88192871,0.014214825,0.936501206,0.951674043,"no hit","Sph"
"1112",2241,"RUVBL2",23.97354848,0.009541874,0.937557822,0.95189099,"no hit","Sph"
"1113",2242,"NENF",24.9399616,-0.023364439,0.93916509,0.952666116,"no hit","Sph"
"1114",2243,"RUVBL1",24.24758919,-0.008171725,0.942213637,0.954900535,"no hit","Sph"
"1115",2244,"ECHS1",23.89288135,-0.01098719,0.945563372,0.957248954,"no hit","Sph"
"1116",2245,"CWC22",23.45348566,-0.011587203,0.946226601,0.957248954,"no hit","Sph"
"1117",2246,"LSM2",23.72077819,0.009126329,0.948528579,0.95871868,"no hit","Sph"
"1118",2247,"ACTL6A",22.76081655,0.013514015,0.950585987,0.9599388,"no hit","Sph"
"1119",2248,"DCTN2",23.54712173,-0.008073643,0.954513361,0.963043418,"no hit","Sph"
"1120",2249,"ELAC2",23.23468733,0.00708865,0.962197028,0.969928969,"no hit","Sph"
"1121",2250,"DSG1",25.08776756,0.024349936,0.965661198,0.972552625,"no hit","Sph"
"1122",2251,"PARP1",23.5241191,0.005094076,0.969465777,0.975514137,"no hit","Sph"
"1123",2252,"HEXIM1",22.80953326,0.004427991,0.973328522,0.978528852,"no hit","Sph"
"1124",2253,"NLN",24.00104064,-0.003794825,0.977846819,0.982196672,"no hit","Sph"
"1125",2254,"RAB7A",25.08181849,0.002183724,0.982980235,0.985967994,"no hit","Sph"
"1126",2255,"STAG1",23.18036851,0.006536228,0.984198805,0.985967994,"no hit","Sph"
"1127",2256,"INTS1",21.94200578,0.007040442,0.984221372,0.985967994,"no hit","Sph"
"1128",2257,"KPRP",24.07597438,-0.00856877,0.986074246,0.986948425,"no hit","Sph"
"1129",2258,"MYL12A|MYL12B",24.60065639,0.00013,0.999593925,0.999593925,"no hit","Sph"
